airport,is_major,region,country,city,airline_code,airline,weekly_flights,season,source,updated_at
新千歳,0,アジア,タイ,バンコク,TG,タイ国際航空,7.0,2023夏ダイヤ,国土交通省 航空局 国際線就航状況 直行便データ,2026-06-28
新千歳,0,アジア,韓国,ソウル,7C,済州航空,14.0,2023夏ダイヤ,国土交通省 航空局 国際線就航状況 直行便データ,2026-06-28
新千歳,0,アジア,韓国,ソウル,KE,大韓航空,7.0,2023夏ダイヤ,国土交通省 航空局 国際線就航状況 直行便データ,2026-06-28
新千歳,0,アジア,韓国,ソウル,LJ,ジンエアー,7.0,2023夏ダイヤ,国土交通省 航空局 国際線就航状況 直行便データ,2026-06-28
新千歳,0,アジア,韓国,ソウル,TW,ティーウェイ航空,7.0,2023夏ダイヤ,国土交通省 航空局 国際線就航状況 直行便データ,2026-06-28
新千歳,0,アジア,韓国,ソウル,OZ,アシアナ航空,4.0,2023夏ダイヤ,国土交通省 航空局 国際線就航状況 直行便データ,2026-06-28
新千歳,0,アジア,韓国,釜山,BX,エアプサン,3.0,2023夏ダイヤ,国土交通省 航空局 国際線就航状況 直行便データ,2026-06-28
新千歳,0,アジア,香港,香港,CX,キャセイパシフィック航空,5.0,2023夏ダイヤ,国土交通省 航空局 国際線就航状況 直行便データ,2026-06-28
新千歳,0,アジア,香港,香港,HX,香港航空,3.0,2023夏ダイヤ,国土交通省 航空局 国際線就航状況 直行便データ,2026-06-28
新千歳,0,アジア,台湾,台北,BR,エバー航空,7.0,2023夏ダイヤ,国土交通省 航空局 国際線就航状況 直行便データ,2026-06-28
新千歳,0,アジア,台湾,台北,CI,チャイナエアライン,7.0,2023夏ダイヤ,国土交通省 航空局 国際線就航状況 直行便データ,2026-06-28
新千歳,0,アジア,台湾,台北,IT,タイガーエア台湾,7.0,2023夏ダイヤ,国土交通省 航空局 国際線就航状況 直行便データ,2026-06-28
新千歳,0,アジア,台湾,台北,JX,スターラックス航空,7.0,2023夏ダイヤ,国土交通省 航空局 国際線就航状況 直行便データ,2026-06-28
仙台,0,アジア,台湾,台北,BR,エバー航空,4.0,2023夏ダイヤ,国土交通省 航空局 国際線就航状況 直行便データ,2026-06-28
仙台,0,アジア,台湾,台北,IT,タイガーエア台湾,3.0,2023夏ダイヤ,国土交通省 航空局 国際線就航状況 直行便データ,2026-06-28
仙台,0,アジア,台湾,台北,JX,スターラックス航空,1.0,2023夏ダイヤ,国土交通省 航空局 国際線就航状況 直行便データ,2026-06-28
百里,0,アジア,台湾,台北,IT,タイガーエア台湾,2.0,2023夏ダイヤ,国土交通省 航空局 国際線就航状況 直行便データ,2026-06-28
成田,1,アジア,インド,デリー,AI,エア・インディア,4.0,2023夏ダイヤ,国土交通省 航空局 国際線就航状況 直行便データ,2026-06-28
成田,1,アジア,インド,ベンガルール,JL,日本航空,3.0,2023夏ダイヤ,国土交通省 航空局 国際線就航状況 直行便データ,2026-06-28
成田,1,アジア,インド,ムンバイ,NH,全日空,3.0,2023夏ダイヤ,国土交通省 航空局 国際線就航状況 直行便データ,2026-06-28
成田,1,アジア,インドネシア,ジャカルタ,JL,日本航空,14.0,2023夏ダイヤ,国土交通省 航空局 国際線就航状況 直行便データ,2026-06-28
成田,1,アジア,インドネシア,ジャカルタ,NH,全日空,7.0,2023夏ダイヤ,国土交通省 航空局 国際線就航状況 直行便データ,2026-06-28
成田,1,アジア,インドネシア,デンパサール,GA,ガルーダ・インドネシア航空,2.5,2023夏ダイヤ,国土交通省 航空局 国際線就航状況 直行便データ,2026-06-28
成田,1,アジア,シンガポール,シンガポール,SQ,シンガポール航空,14.0,2023夏ダイヤ,国土交通省 航空局 国際線就航状況 直行便データ,2026-06-28
成田,1,アジア,シンガポール,シンガポール,JL,日本航空,7.0,2023夏ダイヤ,国土交通省 航空局 国際線就航状況 直行便データ,2026-06-28
成田,1,アジア,シンガポール,シンガポール,NQ,エアージャパン,7.0,2023夏ダイヤ,国土交通省 航空局 国際線就航状況 直行便データ,2026-06-28
成田,1,アジア,シンガポール,シンガポール,TR,スクート,7.0,2023夏ダイヤ,国土交通省 航空局 国際線就航状況 直行便データ,2026-06-28
成田,1,アジア,シンガポール,シンガポール,ZG,ＺＩＰＡＩＲ　Ｔｏｋｙｏ,7.0,2023夏ダイヤ,国土交通省 航空局 国際線就航状況 直行便データ,2026-06-28
成田,1,アジア,スリランカ,コロンボ,UL,スリランカ航空,3.0,2023夏ダイヤ,国土交通省 航空局 国際線就航状況 直行便データ,2026-06-28
成田,1,アジア,タイ,バンコク,TG,タイ国際航空,14.0,2023夏ダイヤ,国土交通省 航空局 国際線就航状況 直行便データ,2026-06-28
成田,1,アジア,タイ,バンコク,XJ,タイエアアジアＸ,11.0,2023夏ダイヤ,国土交通省 航空局 国際線就航状況 直行便データ,2026-06-28
成田,1,アジア,タイ,バンコク,JL,日本航空,7.5,2023夏ダイヤ,国土交通省 航空局 国際線就航状況 直行便データ,2026-06-28
成田,1,アジア,タイ,バンコク,NH,全日空,7.0,2023夏ダイヤ,国土交通省 航空局 国際線就航状況 直行便データ,2026-06-28
成田,1,アジア,タイ,バンコク,ZG,ＺＩＰＡＩＲ　Ｔｏｋｙｏ,7.0,2023夏ダイヤ,国土交通省 航空局 国際線就航状況 直行便データ,2026-06-28
成田,1,アジア,ネパール,カトマンズ,RA,ネパール航空,3.0,2023夏ダイヤ,国土交通省 航空局 国際線就航状況 直行便データ,2026-06-28
成田,1,アジア,フィリピン,クラーク,5J,セブパシフィック航空,1.0,2023夏ダイヤ,国土交通省 航空局 国際線就航状況 直行便データ,2026-06-28
成田,1,アジア,フィリピン,セブ,PR,フィリピン航空,4.0,2023夏ダイヤ,国土交通省 航空局 国際線就航状況 直行便データ,2026-06-28
成田,1,アジア,フィリピン,マニラ,5J,セブパシフィック航空,14.0,2023夏ダイヤ,国土交通省 航空局 国際線就航状況 直行便データ,2026-06-28
成田,1,アジア,フィリピン,マニラ,JL,日本航空,14.0,2023夏ダイヤ,国土交通省 航空局 国際線就航状況 直行便データ,2026-06-28
成田,1,アジア,フィリピン,マニラ,PR,フィリピン航空,14.0,2023夏ダイヤ,国土交通省 航空局 国際線就航状況 直行便データ,2026-06-28
成田,1,アジア,フィリピン,マニラ,GK,ジェットスター・ジャパン,7.0,2023夏ダイヤ,国土交通省 航空局 国際線就航状況 直行便データ,2026-06-28
成田,1,アジア,フィリピン,マニラ,NH,全日空,7.0,2023夏ダイヤ,国土交通省 航空局 国際線就航状況 直行便データ,2026-06-28
成田,1,アジア,フィリピン,マニラ,Z2,フィリピンエアアジア,7.0,2023夏ダイヤ,国土交通省 航空局 国際線就航状況 直行便データ,2026-06-28
成田,1,アジア,ブルネイ,バンダルスリブガワン,BI,ロイヤルブルネイ航空,4.0,2023夏ダイヤ,国土交通省 航空局 国際線就航状況 直行便データ,2026-06-28
成田,1,アジア,ベトナム,ダナン,VN,ベトナム航空,4.0,2023夏ダイヤ,国土交通省 航空局 国際線就航状況 直行便データ,2026-06-28
成田,1,アジア,ベトナム,ハノイ,VJ,ベトジェットエア,14.0,2023夏ダイヤ,国土交通省 航空局 国際線就航状況 直行便データ,2026-06-28
成田,1,アジア,ベトナム,ハノイ,NH,全日空,7.5,2023夏ダイヤ,国土交通省 航空局 国際線就航状況 直行便データ,2026-06-28
成田,1,アジア,ベトナム,ハノイ,JL,日本航空,7.0,2023夏ダイヤ,国土交通省 航空局 国際線就航状況 直行便データ,2026-06-28
成田,1,アジア,ベトナム,ハノイ,QH,バンブーエアウェイズ,7.0,2023夏ダイヤ,国土交通省 航空局 国際線就航状況 直行便データ,2026-06-28
成田,1,アジア,ベトナム,ハノイ,VN,ベトナム航空,7.0,2023夏ダイヤ,国土交通省 航空局 国際線就航状況 直行便データ,2026-06-28
成田,1,アジア,ベトナム,ホーチミン,VN,ベトナム航空,11.0,2023夏ダイヤ,国土交通省 航空局 国際線就航状況 直行便データ,2026-06-28
成田,1,アジア,ベトナム,ホーチミン,JL,日本航空,7.0,2023夏ダイヤ,国土交通省 航空局 国際線就航状況 直行便データ,2026-06-28
成田,1,アジア,ベトナム,ホーチミン,NH,全日空,7.0,2023夏ダイヤ,国土交通省 航空局 国際線就航状況 直行便データ,2026-06-28
成田,1,アジア,ベトナム,ホーチミン,VJ,ベトジェットエア,7.0,2023夏ダイヤ,国土交通省 航空局 国際線就航状況 直行便データ,2026-06-28
成田,1,アジア,マカオ,マカオ,NX,マカオ航空,4.0,2023夏ダイヤ,国土交通省 航空局 国際線就航状況 直行便データ,2026-06-28
成田,1,アジア,マレーシア,クアラルンプール,JL,日本航空,7.0,2023夏ダイヤ,国土交通省 航空局 国際線就航状況 直行便データ,2026-06-28
成田,1,アジア,マレーシア,クアラルンプール,MH,マレーシア航空,7.0,2023夏ダイヤ,国土交通省 航空局 国際線就航状況 直行便データ,2026-06-28
成田,1,アジア,マレーシア,クアラルンプール,NH,全日空,7.0,2023夏ダイヤ,国土交通省 航空局 国際線就航状況 直行便データ,2026-06-28
成田,1,アジア,マレーシア,クアラルンプール,OD,マリンドエア,6.0,2023夏ダイヤ,国土交通省 航空局 国際線就航状況 直行便データ,2026-06-28
成田,1,アジア,マレーシア,コタキナバル,MH,マレーシア航空,2.0,2023夏ダイヤ,国土交通省 航空局 国際線就航状況 直行便データ,2026-06-28
成田,1,アジア,モンゴル,ウランバートル,OM,ＭＩＡＴモンゴル航空,7.0,2023夏ダイヤ,国土交通省 航空局 国際線就航状況 直行便データ,2026-06-28
成田,1,アジア,モンゴル,ウランバートル,M0,アエロモンゴリア航空,2.0,2023夏ダイヤ,国土交通省 航空局 国際線就航状況 直行便データ,2026-06-28
成田,1,アジア,韓国,ソウル,7C,済州航空,38.0,2023夏ダイヤ,国土交通省 航空局 国際線就航状況 直行便データ,2026-06-28
成田,1,アジア,韓国,ソウル,LJ,ジンエアー,21.0,2023夏ダイヤ,国土交通省 航空局 国際線就航状況 直行便データ,2026-06-28
成田,1,アジア,韓国,ソウル,OZ,アシアナ航空,21.0,2023夏ダイヤ,国土交通省 航空局 国際線就航状況 直行便データ,2026-06-28
成田,1,アジア,韓国,ソウル,TW,ティーウェイ航空,21.0,2023夏ダイヤ,国土交通省 航空局 国際線就航状況 直行便データ,2026-06-28
成田,1,アジア,韓国,ソウル,RS,エアソウル,19.0,2023夏ダイヤ,国土交通省 航空局 国際線就航状況 直行便データ,2026-06-28
成田,1,アジア,韓国,ソウル,BX,エアプサン,14.0,2023夏ダイヤ,国土交通省 航空局 国際線就航状況 直行便データ,2026-06-28
成田,1,アジア,韓国,ソウル,KE,大韓航空,13.5,2023夏ダイヤ,国土交通省 航空局 国際線就航状況 直行便データ,2026-06-28
成田,1,アジア,韓国,ソウル,ZG,ＺＩＰＡＩＲ　Ｔｏｋｙｏ,7.0,2023夏ダイヤ,国土交通省 航空局 国際線就航状況 直行便データ,2026-06-28
成田,1,アジア,韓国,ソウル,YP,エア　プレミア,4.0,2023夏ダイヤ,国土交通省 航空局 国際線就航状況 直行便データ,2026-06-28
成田,1,アジア,韓国,ソウル,PO,ポーラーエアカーゴ,0.5,2023夏ダイヤ,国土交通省 航空局 国際線就航状況 直行便データ,2026-06-28
成田,1,アジア,韓国,釜山,KE,大韓航空,14.0,2023夏ダイヤ,国土交通省 航空局 国際線就航状況 直行便データ,2026-06-28
成田,1,アジア,韓国,釜山,7C,済州航空,7.0,2023夏ダイヤ,国土交通省 航空局 国際線就航状況 直行便データ,2026-06-28
成田,1,アジア,韓国,釜山,BX,エアプサン,7.0,2023夏ダイヤ,国土交通省 航空局 国際線就航状況 直行便データ,2026-06-28
成田,1,アジア,韓国,大邱,TW,ティーウェイ航空,7.0,2023夏ダイヤ,国土交通省 航空局 国際線就航状況 直行便データ,2026-06-28
成田,1,アジア,韓国,襄陽,4V,フライカンウォン,4.0,2023夏ダイヤ,国土交通省 航空局 国際線就航状況 直行便データ,2026-06-28
成田,1,アジア,香港,香港,CX,キャセイパシフィック航空,22.5,2023夏ダイヤ,国土交通省 航空局 国際線就航状況 直行便データ,2026-06-28
成田,1,アジア,香港,香港,UO,香港エクスプレス航空,22.0,2023夏ダイヤ,国土交通省 航空局 国際線就航状況 直行便データ,2026-06-28
成田,1,アジア,香港,香港,HX,香港航空,14.0,2023夏ダイヤ,国土交通省 航空局 国際線就航状況 直行便データ,2026-06-28
成田,1,アジア,香港,香港,JL,日本航空,7.0,2023夏ダイヤ,国土交通省 航空局 国際線就航状況 直行便データ,2026-06-28
成田,1,アジア,香港,香港,NH,全日空,7.0,2023夏ダイヤ,国土交通省 航空局 国際線就航状況 直行便データ,2026-06-28
成田,1,アジア,香港,香港,HB,グレーターベイ航空,7.0,2023夏ダイヤ,国土交通省 航空局 国際線就航状況 直行便データ,2026-06-28
成田,1,アジア,台湾,高雄,BR,エバー航空,7.0,2023夏ダイヤ,国土交通省 航空局 国際線就航状況 直行便データ,2026-06-28
成田,1,アジア,台湾,高雄,CI,チャイナエアライン,7.0,2023夏ダイヤ,国土交通省 航空局 国際線就航状況 直行便データ,2026-06-28
成田,1,アジア,台湾,高雄,IT,タイガーエア台湾,4.0,2023夏ダイヤ,国土交通省 航空局 国際線就航状況 直行便データ,2026-06-28
成田,1,アジア,台湾,台北,CI,チャイナエアライン,17.0,2023夏ダイヤ,国土交通省 航空局 国際線就航状況 直行便データ,2026-06-28
成田,1,アジア,台湾,台北,BR,エバー航空,14.0,2023夏ダイヤ,国土交通省 航空局 国際線就航状況 直行便データ,2026-06-28
成田,1,アジア,台湾,台北,IT,タイガーエア台湾,14.0,2023夏ダイヤ,国土交通省 航空局 国際線就航状況 直行便データ,2026-06-28
成田,1,アジア,台湾,台北,JX,スターラックス航空,14.0,2023夏ダイヤ,国土交通省 航空局 国際線就航状況 直行便データ,2026-06-28
成田,1,アジア,台湾,台北,JL,日本航空,7.0,2023夏ダイヤ,国土交通省 航空局 国際線就航状況 直行便データ,2026-06-28
成田,1,アジア,台湾,台北,MM,ピーチアビエーション,7.0,2023夏ダイヤ,国土交通省 航空局 国際線就航状況 直行便データ,2026-06-28
成田,1,アジア,台湾,台北,GK,ジェットスター・ジャパン,6.5,2023夏ダイヤ,国土交通省 航空局 国際線就航状況 直行便データ,2026-06-28
成田,1,アジア,中国,ハルビン,IJ,スプリング・ジャパン,1.0,2023夏ダイヤ,国土交通省 航空局 国際線就航状況 直行便データ,2026-06-28
成田,1,アジア,中国,広州,NH,全日空,2.0,2023夏ダイヤ,国土交通省 航空局 国際線就航状況 直行便データ,2026-06-28
成田,1,アジア,中国,広州,CZ,中国南方航空,1.0,2023夏ダイヤ,国土交通省 航空局 国際線就航状況 直行便データ,2026-06-28
成田,1,アジア,中国,杭州,NH,全日空,3.0,2023夏ダイヤ,国土交通省 航空局 国際線就航状況 直行便データ,2026-06-28
成田,1,アジア,中国,杭州,CA,中国国際航空,1.0,2023夏ダイヤ,国土交通省 航空局 国際線就航状況 直行便データ,2026-06-28
成田,1,アジア,中国,昆明,MU,中国東方航空,1.0,2023夏ダイヤ,国土交通省 航空局 国際線就航状況 直行便データ,2026-06-28
成田,1,アジア,中国,上海,9C,春秋航空,7.0,2023夏ダイヤ,国土交通省 航空局 国際線就航状況 直行便データ,2026-06-28
成田,1,アジア,中国,上海,HO,上海吉祥航空,7.0,2023夏ダイヤ,国土交通省 航空局 国際線就航状況 直行便データ,2026-06-28
成田,1,アジア,中国,上海,JL,日本航空,7.0,2023夏ダイヤ,国土交通省 航空局 国際線就航状況 直行便データ,2026-06-28
成田,1,アジア,中国,上海,MU,中国東方航空,4.0,2023夏ダイヤ,国土交通省 航空局 国際線就航状況 直行便データ,2026-06-28
成田,1,アジア,中国,上海,CA,中国国際航空,3.0,2023夏ダイヤ,国土交通省 航空局 国際線就航状況 直行便データ,2026-06-28
成田,1,アジア,中国,上海,NH,全日空,3.0,2023夏ダイヤ,国土交通省 航空局 国際線就航状況 直行便データ,2026-06-28
成田,1,アジア,中国,深セン,NH,全日空,2.0,2023夏ダイヤ,国土交通省 航空局 国際線就航状況 直行便データ,2026-06-28
成田,1,アジア,中国,深セン,ZH,深圳航空,1.0,2023夏ダイヤ,国土交通省 航空局 国際線就航状況 直行便データ,2026-06-28
成田,1,アジア,中国,成都,3U,四川航空,1.0,2023夏ダイヤ,国土交通省 航空局 国際線就航状況 直行便データ,2026-06-28
成田,1,アジア,中国,西安,MU,中国東方航空,1.0,2023夏ダイヤ,国土交通省 航空局 国際線就航状況 直行便データ,2026-06-28
成田,1,アジア,中国,青島,NH,全日空,4.0,2023夏ダイヤ,国土交通省 航空局 国際線就航状況 直行便データ,2026-06-28
成田,1,アジア,中国,大連,JL,日本航空,4.0,2023夏ダイヤ,国土交通省 航空局 国際線就航状況 直行便データ,2026-06-28
成田,1,アジア,中国,大連,NH,全日空,2.0,2023夏ダイヤ,国土交通省 航空局 国際線就航状況 直行便データ,2026-06-28
成田,1,アジア,中国,大連,CZ,中国南方航空,1.0,2023夏ダイヤ,国土交通省 航空局 国際線就航状況 直行便データ,2026-06-28
成田,1,アジア,中国,天津,IJ,スプリング・ジャパン,3.0,2023夏ダイヤ,国土交通省 航空局 国際線就航状況 直行便データ,2026-06-28
成田,1,アジア,中国,天津,JL,日本航空,3.0,2023夏ダイヤ,国土交通省 航空局 国際線就航状況 直行便データ,2026-06-28
成田,1,アジア,中国,天津,CA,中国国際航空,1.0,2023夏ダイヤ,国土交通省 航空局 国際線就航状況 直行便データ,2026-06-28
成田,1,アジア,中国,南京,MU,中国東方航空,1.0,2023夏ダイヤ,国土交通省 航空局 国際線就航状況 直行便データ,2026-06-28
成田,1,アジア,中国,福州,MF,厦門航空,1.0,2023夏ダイヤ,国土交通省 航空局 国際線就航状況 直行便データ,2026-06-28
成田,1,アジア,中国,北京,CA,中国国際航空,4.0,2023夏ダイヤ,国土交通省 航空局 国際線就航状況 直行便データ,2026-06-28
成田,1,アジア,中国,北京,NH,全日空,2.0,2023夏ダイヤ,国土交通省 航空局 国際線就航状況 直行便データ,2026-06-28
成田,1,アジア,中国,瀋陽,CZ,中国南方航空,1.0,2023夏ダイヤ,国土交通省 航空局 国際線就航状況 直行便データ,2026-06-28
成田,1,オセアニア,豪州,ケアンズ,JQ,ジェットスター航空,6.0,2023夏ダイヤ,国土交通省 航空局 国際線就航状況 直行便データ,2026-06-28
成田,1,オセアニア,豪州,ゴールドコースト,JQ,ジェットスター航空,6.0,2023夏ダイヤ,国土交通省 航空局 国際線就航状況 直行便データ,2026-06-28
成田,1,オセアニア,豪州,メルボルン,JL,日本航空,4.5,2023夏ダイヤ,国土交通省 航空局 国際線就航状況 直行便データ,2026-06-28
成田,1,オセアニア,ニュージーランド,オークランド,NZ,ニュージーランド航空,7.0,2023夏ダイヤ,国土交通省 航空局 国際線就航状況 直行便データ,2026-06-28
成田,1,北米,カナダ,トロント,AC,エア・カナダ,7.0,2023夏ダイヤ,国土交通省 航空局 国際線就航状況 直行便データ,2026-06-28
成田,1,北米,カナダ,バンクーバー,AC,エア・カナダ,7.0,2023夏ダイヤ,国土交通省 航空局 国際線就航状況 直行便データ,2026-06-28
成田,1,北米,カナダ,バンクーバー,JL,日本航空,7.0,2023夏ダイヤ,国土交通省 航空局 国際線就航状況 直行便データ,2026-06-28
成田,1,北米,カナダ,モントリオール,AC,エア・カナダ,5.0,2023夏ダイヤ,国土交通省 航空局 国際線就航状況 直行便データ,2026-06-28
成田,1,北米,米国,グアム,UA,ユナイテッド航空,18.0,2023夏ダイヤ,国土交通省 航空局 国際線就航状況 直行便データ,2026-06-28
成田,1,北米,米国,グアム,JL,日本航空,4.0,2023夏ダイヤ,国土交通省 航空局 国際線就航状況 直行便データ,2026-06-28
成田,1,北米,米国,コナ,JL,日本航空,3.0,2023夏ダイヤ,国土交通省 航空局 国際線就航状況 直行便データ,2026-06-28
成田,1,北米,米国,サイパン,UA,ユナイテッド航空,3.0,2023夏ダイヤ,国土交通省 航空局 国際線就航状況 直行便データ,2026-06-28
成田,1,北米,米国,サンディエゴ,JL,日本航空,4.0,2023夏ダイヤ,国土交通省 航空局 国際線就航状況 直行便データ,2026-06-28
成田,1,北米,米国,サンノゼ,ZG,ＺＩＰＡＩＲ　Ｔｏｋｙｏ,7.0,2023夏ダイヤ,国土交通省 航空局 国際線就航状況 直行便データ,2026-06-28
成田,1,北米,米国,サンフランシスコ,JL,日本航空,7.0,2023夏ダイヤ,国土交通省 航空局 国際線就航状況 直行便データ,2026-06-28
成田,1,北米,米国,サンフランシスコ,NH,全日空,7.0,2023夏ダイヤ,国土交通省 航空局 国際線就航状況 直行便データ,2026-06-28
成田,1,北米,米国,サンフランシスコ,UA,ユナイテッド航空,7.0,2023夏ダイヤ,国土交通省 航空局 国際線就航状況 直行便データ,2026-06-28
成田,1,北米,米国,シアトル,JL,日本航空,7.0,2023夏ダイヤ,国土交通省 航空局 国際線就航状況 直行便データ,2026-06-28
成田,1,北米,米国,シカゴ,NH,全日空,7.0,2023夏ダイヤ,国土交通省 航空局 国際線就航状況 直行便データ,2026-06-28
成田,1,北米,米国,ダラス,AA,アメリカン航空,7.0,2023夏ダイヤ,国土交通省 航空局 国際線就航状況 直行便データ,2026-06-28
成田,1,北米,米国,デンバー,UA,ユナイテッド航空,7.0,2023夏ダイヤ,国土交通省 航空局 国際線就航状況 直行便データ,2026-06-28
成田,1,北米,米国,ニューアーク,UA,ユナイテッド航空,7.0,2023夏ダイヤ,国土交通省 航空局 国際線就航状況 直行便データ,2026-06-28
成田,1,北米,米国,ニューヨーク,JL,日本航空,7.0,2023夏ダイヤ,国土交通省 航空局 国際線就航状況 直行便データ,2026-06-28
成田,1,北米,米国,ヒューストン,UA,ユナイテッド航空,7.0,2023夏ダイヤ,国土交通省 航空局 国際線就航状況 直行便データ,2026-06-28
成田,1,北米,米国,ボストン,JL,日本航空,7.0,2023夏ダイヤ,国土交通省 航空局 国際線就航状況 直行便データ,2026-06-28
成田,1,北米,米国,ホノルル,JL,日本航空,7.0,2023夏ダイヤ,国土交通省 航空局 国際線就航状況 直行便データ,2026-06-28
成田,1,北米,米国,ホノルル,NH,全日空,7.0,2023夏ダイヤ,国土交通省 航空局 国際線就航状況 直行便データ,2026-06-28
成田,1,北米,米国,ホノルル,ZG,ＺＩＰＡＩＲ　Ｔｏｋｙｏ,7.0,2023夏ダイヤ,国土交通省 航空局 国際線就航状況 直行便データ,2026-06-28
成田,1,北米,米国,ホノルル,HA,ハワイアン航空,6.0,2023夏ダイヤ,国土交通省 航空局 国際線就航状況 直行便データ,2026-06-28
成田,1,北米,米国,ロサンゼルス,JL,日本航空,7.0,2023夏ダイヤ,国土交通省 航空局 国際線就航状況 直行便データ,2026-06-28
成田,1,北米,米国,ロサンゼルス,NH,全日空,7.0,2023夏ダイヤ,国土交通省 航空局 国際線就航状況 直行便データ,2026-06-28
成田,1,北米,米国,ロサンゼルス,SQ,シンガポール航空,7.0,2023夏ダイヤ,国土交通省 航空局 国際線就航状況 直行便データ,2026-06-28
成田,1,北米,米国,ロサンゼルス,ZG,ＺＩＰＡＩＲ　Ｔｏｋｙｏ,7.0,2023夏ダイヤ,国土交通省 航空局 国際線就航状況 直行便データ,2026-06-28
成田,1,中南米,メキシコ,メキシコシティ,NH,全日空,7.0,2023夏ダイヤ,国土交通省 航空局 国際線就航状況 直行便データ,2026-06-28
成田,1,中南米,メキシコ,メキシコシティ,AM,アエロメヒコ,7.0,2023夏ダイヤ,国土交通省 航空局 国際線就航状況 直行便データ,2026-06-28
成田,1,ヨーロッパ,ウズベキスタン,タシケント,HY,ウズベキスタン航空,1.0,2023夏ダイヤ,国土交通省 航空局 国際線就航状況 直行便データ,2026-06-28
成田,1,ヨーロッパ,オランダ,アムステルダム,KL,ＫＬＭオランダ航空,3.0,2023夏ダイヤ,国土交通省 航空局 国際線就航状況 直行便データ,2026-06-28
成田,1,ヨーロッパ,スイス,チューリッヒ,LX,スイス インターナショナルエアラインズ,4.0,2023夏ダイヤ,国土交通省 航空局 国際線就航状況 直行便データ,2026-06-28
成田,1,ヨーロッパ,ドイツ,フランクフルト,JL,日本航空,7.0,2023夏ダイヤ,国土交通省 航空局 国際線就航状況 直行便データ,2026-06-28
成田,1,ヨーロッパ,フィンランド,ヘルシンキ,AY,フィンエアー,4.0,2023夏ダイヤ,国土交通省 航空局 国際線就航状況 直行便データ,2026-06-28
成田,1,ヨーロッパ,フランス,ヌーメア,SB,エアカラン,3.0,2023夏ダイヤ,国土交通省 航空局 国際線就航状況 直行便データ,2026-06-28
成田,1,ヨーロッパ,フランス,パリ,AF,エールフランス航空,3.0,2023夏ダイヤ,国土交通省 航空局 国際線就航状況 直行便データ,2026-06-28
成田,1,ヨーロッパ,ベルギー,ブリュッセル,NH,全日空,2.0,2023夏ダイヤ,国土交通省 航空局 国際線就航状況 直行便データ,2026-06-28
成田,1,ヨーロッパ,ポーランド,ワルシャワ,LO,ＬＯＴポーランド航空,5.0,2023夏ダイヤ,国土交通省 航空局 国際線就航状況 直行便データ,2026-06-28
成田,1,中東,ＵＡＥ,アブダビ,EY,エティハド航空,7.0,2023夏ダイヤ,国土交通省 航空局 国際線就航状況 直行便データ,2026-06-28
成田,1,中東,ＵＡＥ,ドバイ,EK,エミレーツ航空,7.0,2023夏ダイヤ,国土交通省 航空局 国際線就航状況 直行便データ,2026-06-28
成田,1,中東,イスラエル,テルアビブ,LY,エルアルイスラエル航空,2.0,2023夏ダイヤ,国土交通省 航空局 国際線就航状況 直行便データ,2026-06-28
成田,1,中東,カタール,ドーハ,QR,カタール航空,7.0,2023夏ダイヤ,国土交通省 航空局 国際線就航状況 直行便データ,2026-06-28
成田,1,中東,トルコ,イスタンブール,TK,ターキッシュエアラインズ,3.0,2023夏ダイヤ,国土交通省 航空局 国際線就航状況 直行便データ,2026-06-28
羽田,1,アジア,インド,デリー,JL,日本航空,7.0,2023夏ダイヤ,国土交通省 航空局 国際線就航状況 直行便データ,2026-06-28
羽田,1,アジア,インド,デリー,NH,全日空,7.0,2023夏ダイヤ,国土交通省 航空局 国際線就航状況 直行便データ,2026-06-28
羽田,1,アジア,インドネシア,ジャカルタ,NH,全日空,12.5,2023夏ダイヤ,国土交通省 航空局 国際線就航状況 直行便データ,2026-06-28
羽田,1,アジア,インドネシア,ジャカルタ,GA,ガルーダ・インドネシア航空,3.0,2023夏ダイヤ,国土交通省 航空局 国際線就航状況 直行便データ,2026-06-28
羽田,1,アジア,シンガポール,シンガポール,JL,日本航空,14.0,2023夏ダイヤ,国土交通省 航空局 国際線就航状況 直行便データ,2026-06-28
羽田,1,アジア,シンガポール,シンガポール,NH,全日空,14.0,2023夏ダイヤ,国土交通省 航空局 国際線就航状況 直行便データ,2026-06-28
羽田,1,アジア,シンガポール,シンガポール,SQ,シンガポール航空,14.0,2023夏ダイヤ,国土交通省 航空局 国際線就航状況 直行便データ,2026-06-28
羽田,1,アジア,タイ,バンコク,JL,日本航空,14.0,2023夏ダイヤ,国土交通省 航空局 国際線就航状況 直行便データ,2026-06-28
羽田,1,アジア,タイ,バンコク,NH,全日空,14.0,2023夏ダイヤ,国土交通省 航空局 国際線就航状況 直行便データ,2026-06-28
羽田,1,アジア,タイ,バンコク,TG,タイ国際航空,14.0,2023夏ダイヤ,国土交通省 航空局 国際線就航状況 直行便データ,2026-06-28
羽田,1,アジア,フィリピン,マニラ,PR,フィリピン航空,13.0,2023夏ダイヤ,国土交通省 航空局 国際線就航状況 直行便データ,2026-06-28
羽田,1,アジア,フィリピン,マニラ,JL,日本航空,7.0,2023夏ダイヤ,国土交通省 航空局 国際線就航状況 直行便データ,2026-06-28
羽田,1,アジア,フィリピン,マニラ,NH,全日空,7.0,2023夏ダイヤ,国土交通省 航空局 国際線就航状況 直行便データ,2026-06-28
羽田,1,アジア,ベトナム,ハノイ,VN,ベトナム航空,7.0,2023夏ダイヤ,国土交通省 航空局 国際線就航状況 直行便データ,2026-06-28
羽田,1,アジア,ベトナム,ホーチミン,JL,日本航空,7.0,2023夏ダイヤ,国土交通省 航空局 国際線就航状況 直行便データ,2026-06-28
羽田,1,アジア,ベトナム,ホーチミン,NH,全日空,7.0,2023夏ダイヤ,国土交通省 航空局 国際線就航状況 直行便データ,2026-06-28
羽田,1,アジア,マレーシア,クアラルンプール,D7,エアアジアＸ,7.0,2023夏ダイヤ,国土交通省 航空局 国際線就航状況 直行便データ,2026-06-28
羽田,1,アジア,マレーシア,クアラルンプール,MH,マレーシア航空,5.5,2023夏ダイヤ,国土交通省 航空局 国際線就航状況 直行便データ,2026-06-28
羽田,1,アジア,マレーシア,クアラルンプール,NH,全日空,5.5,2023夏ダイヤ,国土交通省 航空局 国際線就航状況 直行便データ,2026-06-28
羽田,1,アジア,韓国,ソウル,KE,大韓航空,27.5,2023夏ダイヤ,国土交通省 航空局 国際線就航状況 直行便データ,2026-06-28
羽田,1,アジア,韓国,ソウル,JL,日本航空,21.0,2023夏ダイヤ,国土交通省 航空局 国際線就航状況 直行便データ,2026-06-28
羽田,1,アジア,韓国,ソウル,NH,全日空,21.0,2023夏ダイヤ,国土交通省 航空局 国際線就航状況 直行便データ,2026-06-28
羽田,1,アジア,韓国,ソウル,OZ,アシアナ航空,21.0,2023夏ダイヤ,国土交通省 航空局 国際線就航状況 直行便データ,2026-06-28
羽田,1,アジア,韓国,ソウル,MM,ピーチアビエーション,7.0,2023夏ダイヤ,国土交通省 航空局 国際線就航状況 直行便データ,2026-06-28
羽田,1,アジア,香港,香港,CX,キャセイパシフィック航空,14.0,2023夏ダイヤ,国土交通省 航空局 国際線就航状況 直行便データ,2026-06-28
羽田,1,アジア,香港,香港,UO,香港エクスプレス航空,11.5,2023夏ダイヤ,国土交通省 航空局 国際線就航状況 直行便データ,2026-06-28
羽田,1,アジア,香港,香港,JL,日本航空,7.0,2023夏ダイヤ,国土交通省 航空局 国際線就航状況 直行便データ,2026-06-28
羽田,1,アジア,香港,香港,NH,全日空,7.0,2023夏ダイヤ,国土交通省 航空局 国際線就航状況 直行便データ,2026-06-28
羽田,1,アジア,台湾,台北,BR,エバー航空,14.0,2023夏ダイヤ,国土交通省 航空局 国際線就航状況 直行便データ,2026-06-28
羽田,1,アジア,台湾,台北,CI,チャイナエアライン,14.0,2023夏ダイヤ,国土交通省 航空局 国際線就航状況 直行便データ,2026-06-28
羽田,1,アジア,台湾,台北,JL,日本航空,14.0,2023夏ダイヤ,国土交通省 航空局 国際線就航状況 直行便データ,2026-06-28
羽田,1,アジア,台湾,台北,NH,全日空,14.0,2023夏ダイヤ,国土交通省 航空局 国際線就航状況 直行便データ,2026-06-28
羽田,1,アジア,台湾,台北,IT,タイガーエア台湾,7.0,2023夏ダイヤ,国土交通省 航空局 国際線就航状況 直行便データ,2026-06-28
羽田,1,アジア,台湾,台北,MM,ピーチアビエーション,7.0,2023夏ダイヤ,国土交通省 航空局 国際線就航状況 直行便データ,2026-06-28
羽田,1,アジア,中国,広州,JL,日本航空,7.0,2023夏ダイヤ,国土交通省 航空局 国際線就航状況 直行便データ,2026-06-28
羽田,1,アジア,中国,上海,JL,日本航空,14.0,2023夏ダイヤ,国土交通省 航空局 国際線就航状況 直行便データ,2026-06-28
羽田,1,アジア,中国,上海,NH,全日空,1.5,2023夏ダイヤ,国土交通省 航空局 国際線就航状況 直行便データ,2026-06-28
羽田,1,アジア,中国,大連,JL,日本航空,3.0,2023夏ダイヤ,国土交通省 航空局 国際線就航状況 直行便データ,2026-06-28
羽田,1,アジア,中国,北京,JL,日本航空,14.0,2023夏ダイヤ,国土交通省 航空局 国際線就航状況 直行便データ,2026-06-28
羽田,1,アジア,中国,北京,NH,全日空,1.0,2023夏ダイヤ,国土交通省 航空局 国際線就航状況 直行便データ,2026-06-28
羽田,1,オセアニア,豪州,シドニー,NH,全日空,14.0,2023夏ダイヤ,国土交通省 航空局 国際線就航状況 直行便データ,2026-06-28
羽田,1,オセアニア,豪州,シドニー,JL,日本航空,7.0,2023夏ダイヤ,国土交通省 航空局 国際線就航状況 直行便データ,2026-06-28
羽田,1,オセアニア,豪州,シドニー,QF,カンタス航空,7.0,2023夏ダイヤ,国土交通省 航空局 国際線就航状況 直行便データ,2026-06-28
羽田,1,オセアニア,豪州,ブリスベン,QF,カンタス航空,3.0,2023夏ダイヤ,国土交通省 航空局 国際線就航状況 直行便データ,2026-06-28
羽田,1,オセアニア,豪州,メルボルン,QF,カンタス航空,4.0,2023夏ダイヤ,国土交通省 航空局 国際線就航状況 直行便データ,2026-06-28
羽田,1,北米,カナダ,バンクーバー,NH,全日空,7.0,2023夏ダイヤ,国土交通省 航空局 国際線就航状況 直行便データ,2026-06-28
羽田,1,北米,米国,アトランタ,DL,デルタ航空,7.0,2023夏ダイヤ,国土交通省 航空局 国際線就航状況 直行便データ,2026-06-28
羽田,1,北米,米国,サンフランシスコ,JL,日本航空,7.0,2023夏ダイヤ,国土交通省 航空局 国際線就航状況 直行便データ,2026-06-28
羽田,1,北米,米国,サンフランシスコ,NH,全日空,7.0,2023夏ダイヤ,国土交通省 航空局 国際線就航状況 直行便データ,2026-06-28
羽田,1,北米,米国,サンフランシスコ,UA,ユナイテッド航空,7.0,2023夏ダイヤ,国土交通省 航空局 国際線就航状況 直行便データ,2026-06-28
羽田,1,北米,米国,シアトル,DL,デルタ航空,7.0,2023夏ダイヤ,国土交通省 航空局 国際線就航状況 直行便データ,2026-06-28
羽田,1,北米,米国,シアトル,NH,全日空,7.0,2023夏ダイヤ,国土交通省 航空局 国際線就航状況 直行便データ,2026-06-28
羽田,1,北米,米国,シカゴ,JL,日本航空,7.0,2023夏ダイヤ,国土交通省 航空局 国際線就航状況 直行便データ,2026-06-28
羽田,1,北米,米国,シカゴ,NH,全日空,7.0,2023夏ダイヤ,国土交通省 航空局 国際線就航状況 直行便データ,2026-06-28
羽田,1,北米,米国,シカゴ,UA,ユナイテッド航空,7.0,2023夏ダイヤ,国土交通省 航空局 国際線就航状況 直行便データ,2026-06-28
羽田,1,北米,米国,ダラス,AA,アメリカン航空,7.0,2023夏ダイヤ,国土交通省 航空局 国際線就航状況 直行便データ,2026-06-28
羽田,1,北米,米国,ダラス,JL,日本航空,7.0,2023夏ダイヤ,国土交通省 航空局 国際線就航状況 直行便データ,2026-06-28
羽田,1,北米,米国,デトロイト,DL,デルタ航空,7.0,2023夏ダイヤ,国土交通省 航空局 国際線就航状況 直行便データ,2026-06-28
羽田,1,北米,米国,ニューアーク,UA,ユナイテッド航空,7.0,2023夏ダイヤ,国土交通省 航空局 国際線就航状況 直行便データ,2026-06-28
羽田,1,北米,米国,ニューヨーク,JL,日本航空,14.0,2023夏ダイヤ,国土交通省 航空局 国際線就航状況 直行便データ,2026-06-28
羽田,1,北米,米国,ニューヨーク,NH,全日空,10.0,2023夏ダイヤ,国土交通省 航空局 国際線就航状況 直行便データ,2026-06-28
羽田,1,北米,米国,ヒューストン,NH,全日空,7.0,2023夏ダイヤ,国土交通省 航空局 国際線就航状況 直行便データ,2026-06-28
羽田,1,北米,米国,ホノルル,JL,日本航空,14.0,2023夏ダイヤ,国土交通省 航空局 国際線就航状況 直行便データ,2026-06-28
羽田,1,北米,米国,ホノルル,HA,ハワイアン航空,12.0,2023夏ダイヤ,国土交通省 航空局 国際線就航状況 直行便データ,2026-06-28
羽田,1,北米,米国,ホノルル,NH,全日空,7.0,2023夏ダイヤ,国土交通省 航空局 国際線就航状況 直行便データ,2026-06-28
羽田,1,北米,米国,ミネアポリス,DL,デルタ航空,7.0,2023夏ダイヤ,国土交通省 航空局 国際線就航状況 直行便データ,2026-06-28
羽田,1,北米,米国,ロサンゼルス,AA,アメリカン航空,14.0,2023夏ダイヤ,国土交通省 航空局 国際線就航状況 直行便データ,2026-06-28
羽田,1,北米,米国,ロサンゼルス,NH,全日空,13.5,2023夏ダイヤ,国土交通省 航空局 国際線就航状況 直行便データ,2026-06-28
羽田,1,北米,米国,ロサンゼルス,DL,デルタ航空,7.0,2023夏ダイヤ,国土交通省 航空局 国際線就航状況 直行便データ,2026-06-28
羽田,1,北米,米国,ロサンゼルス,JL,日本航空,7.0,2023夏ダイヤ,国土交通省 航空局 国際線就航状況 直行便データ,2026-06-28
羽田,1,北米,米国,ロサンゼルス,UA,ユナイテッド航空,7.0,2023夏ダイヤ,国土交通省 航空局 国際線就航状況 直行便データ,2026-06-28
羽田,1,北米,米国,ワシントンD.C.,NH,全日空,7.0,2023夏ダイヤ,国土交通省 航空局 国際線就航状況 直行便データ,2026-06-28
羽田,1,北米,米国,ワシントンD.C.,UA,ユナイテッド航空,7.0,2023夏ダイヤ,国土交通省 航空局 国際線就航状況 直行便データ,2026-06-28
羽田,1,ヨーロッパ,英国,ロンドン,JL,日本航空,14.0,2023夏ダイヤ,国土交通省 航空局 国際線就航状況 直行便データ,2026-06-28
羽田,1,ヨーロッパ,英国,ロンドン,BA,ブリティシュ・エアウェイズ,11.0,2023夏ダイヤ,国土交通省 航空局 国際線就航状況 直行便データ,2026-06-28
羽田,1,ヨーロッパ,英国,ロンドン,NH,全日空,7.0,2023夏ダイヤ,国土交通省 航空局 国際線就航状況 直行便データ,2026-06-28
羽田,1,ヨーロッパ,イタリア,ローマ,AZ,ＩＴＡ,5.0,2023夏ダイヤ,国土交通省 航空局 国際線就航状況 直行便データ,2026-06-28
羽田,1,ヨーロッパ,デンマーク,コペンハーゲン,SK,スカンジナビア航空,1.5,2023夏ダイヤ,国土交通省 航空局 国際線就航状況 直行便データ,2026-06-28
羽田,1,ヨーロッパ,ドイツ,フランクフルト,NH,全日空,14.0,2023夏ダイヤ,国土交通省 航空局 国際線就航状況 直行便データ,2026-06-28
羽田,1,ヨーロッパ,ドイツ,フランクフルト,LH,ルフトハンザドイツ航空,6.0,2023夏ダイヤ,国土交通省 航空局 国際線就航状況 直行便データ,2026-06-28
羽田,1,ヨーロッパ,ドイツ,ミュンヘン,LH,ルフトハンザドイツ航空,4.0,2023夏ダイヤ,国土交通省 航空局 国際線就航状況 直行便データ,2026-06-28
羽田,1,ヨーロッパ,ドイツ,ミュンヘン,NH,全日空,3.0,2023夏ダイヤ,国土交通省 航空局 国際線就航状況 直行便データ,2026-06-28
羽田,1,ヨーロッパ,フィンランド,ヘルシンキ,AY,フィンエアー,7.0,2023夏ダイヤ,国土交通省 航空局 国際線就航状況 直行便データ,2026-06-28
羽田,1,ヨーロッパ,フィンランド,ヘルシンキ,JL,日本航空,5.0,2023夏ダイヤ,国土交通省 航空局 国際線就航状況 直行便データ,2026-06-28
羽田,1,ヨーロッパ,フランス,パリ,AF,エールフランス航空,8.0,2023夏ダイヤ,国土交通省 航空局 国際線就航状況 直行便データ,2026-06-28
羽田,1,ヨーロッパ,フランス,パリ,JL,日本航空,7.0,2023夏ダイヤ,国土交通省 航空局 国際線就航状況 直行便データ,2026-06-28
羽田,1,ヨーロッパ,フランス,パリ,NH,全日空,3.0,2023夏ダイヤ,国土交通省 航空局 国際線就航状況 直行便データ,2026-06-28
羽田,1,中東,トルコ,イスタンブール,TK,ターキッシュエアラインズ,7.0,2023夏ダイヤ,国土交通省 航空局 国際線就航状況 直行便データ,2026-06-28
静岡,0,アジア,韓国,ソウル,7C,済州航空,3.0,2023夏ダイヤ,国土交通省 航空局 国際線就航状況 直行便データ,2026-06-28
小松,0,アジア,台湾,台北,BR,エバー航空,1.0,2023夏ダイヤ,国土交通省 航空局 国際線就航状況 直行便データ,2026-06-28
中部,1,アジア,シンガポール,シンガポール,SQ,シンガポール航空,3.0,2023夏ダイヤ,国土交通省 航空局 国際線就航状況 直行便データ,2026-06-28
中部,1,アジア,タイ,バンコク,TG,タイ国際航空,7.0,2023夏ダイヤ,国土交通省 航空局 国際線就航状況 直行便データ,2026-06-28
中部,1,アジア,フィリピン,マニラ,5J,セブパシフィック航空,7.0,2023夏ダイヤ,国土交通省 航空局 国際線就航状況 直行便データ,2026-06-28
中部,1,アジア,フィリピン,マニラ,PR,フィリピン航空,7.0,2023夏ダイヤ,国土交通省 航空局 国際線就航状況 直行便データ,2026-06-28
中部,1,アジア,フィリピン,マニラ,GK,ジェットスター・ジャパン,6.5,2023夏ダイヤ,国土交通省 航空局 国際線就航状況 直行便データ,2026-06-28
中部,1,アジア,ベトナム,ハノイ,VN,ベトナム航空,7.0,2023夏ダイヤ,国土交通省 航空局 国際線就航状況 直行便データ,2026-06-28
中部,1,アジア,ベトナム,ハノイ,VJ,ベトジェットエア,4.0,2023夏ダイヤ,国土交通省 航空局 国際線就航状況 直行便データ,2026-06-28
中部,1,アジア,ベトナム,ホーチミン,VN,ベトナム航空,4.0,2023夏ダイヤ,国土交通省 航空局 国際線就航状況 直行便データ,2026-06-28
中部,1,アジア,韓国,ソウル,OZ,アシアナ航空,14.0,2023夏ダイヤ,国土交通省 航空局 国際線就航状況 直行便データ,2026-06-28
中部,1,アジア,韓国,ソウル,7C,済州航空,13.5,2023夏ダイヤ,国土交通省 航空局 国際線就航状況 直行便データ,2026-06-28
中部,1,アジア,韓国,ソウル,KE,大韓航空,13.5,2023夏ダイヤ,国土交通省 航空局 国際線就航状況 直行便データ,2026-06-28
中部,1,アジア,香港,香港,UO,香港エクスプレス航空,7.0,2023夏ダイヤ,国土交通省 航空局 国際線就航状況 直行便データ,2026-06-28
中部,1,アジア,香港,香港,CX,キャセイパシフィック航空,2.0,2023夏ダイヤ,国土交通省 航空局 国際線就航状況 直行便データ,2026-06-28
中部,1,アジア,台湾,高雄,IT,タイガーエア台湾,4.0,2023夏ダイヤ,国土交通省 航空局 国際線就航状況 直行便データ,2026-06-28
中部,1,アジア,台湾,台北,CI,チャイナエアライン,7.0,2023夏ダイヤ,国土交通省 航空局 国際線就航状況 直行便データ,2026-06-28
中部,1,アジア,台湾,台北,IT,タイガーエア台湾,7.0,2023夏ダイヤ,国土交通省 航空局 国際線就航状況 直行便データ,2026-06-28
中部,1,アジア,台湾,台北,MM,ピーチアビエーション,5.5,2023夏ダイヤ,国土交通省 航空局 国際線就航状況 直行便データ,2026-06-28
中部,1,北米,米国,グアム,UA,ユナイテッド航空,3.0,2023夏ダイヤ,国土交通省 航空局 国際線就航状況 直行便データ,2026-06-28
中部,1,北米,米国,ホノルル,JL,日本航空,1.0,2023夏ダイヤ,国土交通省 航空局 国際線就航状況 直行便データ,2026-06-28
関西,1,アジア,シンガポール,シンガポール,SQ,シンガポール航空,11.0,2023夏ダイヤ,国土交通省 航空局 国際線就航状況 直行便データ,2026-06-28
関西,1,アジア,シンガポール,シンガポール,TR,スクート,7.0,2023夏ダイヤ,国土交通省 航空局 国際線就航状況 直行便データ,2026-06-28
関西,1,アジア,タイ,チェンマイ,VZ,タイベトジェットエア,2.5,2023夏ダイヤ,国土交通省 航空局 国際線就航状況 直行便データ,2026-06-28
関西,1,アジア,タイ,バンコク,JL,日本航空,7.0,2023夏ダイヤ,国土交通省 航空局 国際線就航状況 直行便データ,2026-06-28
関西,1,アジア,タイ,バンコク,MM,ピーチアビエーション,7.0,2023夏ダイヤ,国土交通省 航空局 国際線就航状況 直行便データ,2026-06-28
関西,1,アジア,タイ,バンコク,TG,タイ国際航空,7.0,2023夏ダイヤ,国土交通省 航空局 国際線就航状況 直行便データ,2026-06-28
関西,1,アジア,タイ,バンコク,XJ,タイエアアジアＸ,7.0,2023夏ダイヤ,国土交通省 航空局 国際線就航状況 直行便データ,2026-06-28
関西,1,アジア,フィリピン,マニラ,PR,フィリピン航空,14.0,2023夏ダイヤ,国土交通省 航空局 国際線就航状況 直行便データ,2026-06-28
関西,1,アジア,フィリピン,マニラ,5J,セブパシフィック航空,7.0,2023夏ダイヤ,国土交通省 航空局 国際線就航状況 直行便データ,2026-06-28
関西,1,アジア,フィリピン,マニラ,Z2,フィリピンエアアジア,7.0,2023夏ダイヤ,国土交通省 航空局 国際線就航状況 直行便データ,2026-06-28
関西,1,アジア,ベトナム,ハノイ,VJ,ベトジェットエア,7.0,2023夏ダイヤ,国土交通省 航空局 国際線就航状況 直行便データ,2026-06-28
関西,1,アジア,ベトナム,ハノイ,VN,ベトナム航空,7.0,2023夏ダイヤ,国土交通省 航空局 国際線就航状況 直行便データ,2026-06-28
関西,1,アジア,ベトナム,ホーチミン,VJ,ベトジェットエア,7.0,2023夏ダイヤ,国土交通省 航空局 国際線就航状況 直行便データ,2026-06-28
関西,1,アジア,ベトナム,ホーチミン,VN,ベトナム航空,7.0,2023夏ダイヤ,国土交通省 航空局 国際線就航状況 直行便データ,2026-06-28
関西,1,アジア,マカオ,マカオ,NX,マカオ航空,3.0,2023夏ダイヤ,国土交通省 航空局 国際線就航状況 直行便データ,2026-06-28
関西,1,アジア,マレーシア,クアラルンプール,MH,マレーシア航空,7.0,2023夏ダイヤ,国土交通省 航空局 国際線就航状況 直行便データ,2026-06-28
関西,1,アジア,マレーシア,クアラルンプール,D7,エアアジアＸ,4.0,2023夏ダイヤ,国土交通省 航空局 国際線就航状況 直行便データ,2026-06-28
関西,1,アジア,韓国,ソウル,7C,済州航空,41.0,2023夏ダイヤ,国土交通省 航空局 国際線就航状況 直行便データ,2026-06-28
関西,1,アジア,韓国,ソウル,OZ,アシアナ航空,35.0,2023夏ダイヤ,国土交通省 航空局 国際線就航状況 直行便データ,2026-06-28
関西,1,アジア,韓国,ソウル,KE,大韓航空,28.0,2023夏ダイヤ,国土交通省 航空局 国際線就航状況 直行便データ,2026-06-28
関西,1,アジア,韓国,ソウル,LJ,ジンエアー,28.0,2023夏ダイヤ,国土交通省 航空局 国際線就航状況 直行便データ,2026-06-28
関西,1,アジア,韓国,ソウル,TW,ティーウェイ航空,23.0,2023夏ダイヤ,国土交通省 航空局 国際線就航状況 直行便データ,2026-06-28
関西,1,アジア,韓国,ソウル,BX,エアプサン,21.0,2023夏ダイヤ,国土交通省 航空局 国際線就航状況 直行便データ,2026-06-28
関西,1,アジア,韓国,ソウル,MM,ピーチアビエーション,21.0,2023夏ダイヤ,国土交通省 航空局 国際線就航状況 直行便データ,2026-06-28
関西,1,アジア,韓国,ソウル,RS,エアソウル,14.0,2023夏ダイヤ,国土交通省 航空局 国際線就航状況 直行便データ,2026-06-28
関西,1,アジア,韓国,釜山,BX,エアプサン,21.0,2023夏ダイヤ,国土交通省 航空局 国際線就航状況 直行便データ,2026-06-28
関西,1,アジア,韓国,釜山,7C,済州航空,14.0,2023夏ダイヤ,国土交通省 航空局 国際線就航状況 直行便データ,2026-06-28
関西,1,アジア,韓国,釜山,TW,ティーウェイ航空,7.0,2023夏ダイヤ,国土交通省 航空局 国際線就航状況 直行便データ,2026-06-28
関西,1,アジア,韓国,済州,TW,ティーウェイ航空,7.0,2023夏ダイヤ,国土交通省 航空局 国際線就航状況 直行便データ,2026-06-28
関西,1,アジア,韓国,大邱,TW,ティーウェイ航空,7.0,2023夏ダイヤ,国土交通省 航空局 国際線就航状況 直行便データ,2026-06-28
関西,1,アジア,香港,香港,CX,キャセイパシフィック航空,24.0,2023夏ダイヤ,国土交通省 航空局 国際線就航状況 直行便データ,2026-06-28
関西,1,アジア,香港,香港,UO,香港エクスプレス航空,21.0,2023夏ダイヤ,国土交通省 航空局 国際線就航状況 直行便データ,2026-06-28
関西,1,アジア,香港,香港,HX,香港航空,14.0,2023夏ダイヤ,国土交通省 航空局 国際線就航状況 直行便データ,2026-06-28
関西,1,アジア,香港,香港,MM,ピーチアビエーション,7.0,2023夏ダイヤ,国土交通省 航空局 国際線就航状況 直行便データ,2026-06-28
関西,1,アジア,台湾,高雄,BR,エバー航空,7.0,2023夏ダイヤ,国土交通省 航空局 国際線就航状況 直行便データ,2026-06-28
関西,1,アジア,台湾,高雄,CI,チャイナエアライン,7.0,2023夏ダイヤ,国土交通省 航空局 国際線就航状況 直行便データ,2026-06-28
関西,1,アジア,台湾,高雄,IT,タイガーエア台湾,3.0,2023夏ダイヤ,国土交通省 航空局 国際線就航状況 直行便データ,2026-06-28
関西,1,アジア,台湾,台北,BR,エバー航空,21.0,2023夏ダイヤ,国土交通省 航空局 国際線就航状況 直行便データ,2026-06-28
関西,1,アジア,台湾,台北,CI,チャイナエアライン,21.0,2023夏ダイヤ,国土交通省 航空局 国際線就航状況 直行便データ,2026-06-28
関西,1,アジア,台湾,台北,IT,タイガーエア台湾,14.0,2023夏ダイヤ,国土交通省 航空局 国際線就航状況 直行便データ,2026-06-28
関西,1,アジア,台湾,台北,MM,ピーチアビエーション,14.0,2023夏ダイヤ,国土交通省 航空局 国際線就航状況 直行便データ,2026-06-28
関西,1,アジア,台湾,台北,JX,スターラックス航空,13.0,2023夏ダイヤ,国土交通省 航空局 国際線就航状況 直行便データ,2026-06-28
関西,1,アジア,中国,杭州,CA,中国国際航空,2.0,2023夏ダイヤ,国土交通省 航空局 国際線就航状況 直行便データ,2026-06-28
関西,1,アジア,中国,上海,HO,上海吉祥航空,14.0,2023夏ダイヤ,国土交通省 航空局 国際線就航状況 直行便データ,2026-06-28
関西,1,アジア,中国,上海,9C,春秋航空,6.0,2023夏ダイヤ,国土交通省 航空局 国際線就航状況 直行便データ,2026-06-28
関西,1,アジア,中国,上海,MU,中国東方航空,2.5,2023夏ダイヤ,国土交通省 航空局 国際線就航状況 直行便データ,2026-06-28
関西,1,アジア,中国,上海,CA,中国国際航空,1.0,2023夏ダイヤ,国土交通省 航空局 国際線就航状況 直行便データ,2026-06-28
関西,1,アジア,中国,青島,MU,中国東方航空,1.0,2023夏ダイヤ,国土交通省 航空局 国際線就航状況 直行便データ,2026-06-28
関西,1,アジア,中国,青島,SC,山東航空,1.0,2023夏ダイヤ,国土交通省 航空局 国際線就航状況 直行便データ,2026-06-28
関西,1,アジア,中国,天津,CA,中国国際航空,1.0,2023夏ダイヤ,国土交通省 航空局 国際線就航状況 直行便データ,2026-06-28
関西,1,アジア,中国,天津,GS,天津航空,1.0,2023夏ダイヤ,国土交通省 航空局 国際線就航状況 直行便データ,2026-06-28
関西,1,アジア,中国,南京,HO,上海吉祥航空,7.0,2023夏ダイヤ,国土交通省 航空局 国際線就航状況 直行便データ,2026-06-28
関西,1,アジア,中国,北京,CA,中国国際航空,1.0,2023夏ダイヤ,国土交通省 航空局 国際線就航状況 直行便データ,2026-06-28
関西,1,アジア,中国,瀋陽,9C,春秋航空,1.0,2023夏ダイヤ,国土交通省 航空局 国際線就航状況 直行便データ,2026-06-28
関西,1,オセアニア,豪州,ケアンズ,JQ,ジェットスター航空,5.0,2023夏ダイヤ,国土交通省 航空局 国際線就航状況 直行便データ,2026-06-28
関西,1,北米,米国,グアム,UA,ユナイテッド航空,7.0,2023夏ダイヤ,国土交通省 航空局 国際線就航状況 直行便データ,2026-06-28
関西,1,北米,米国,サンフランシスコ,UA,ユナイテッド航空,3.0,2023夏ダイヤ,国土交通省 航空局 国際線就航状況 直行便データ,2026-06-28
関西,1,北米,米国,ホノルル,HA,ハワイアン航空,6.0,2023夏ダイヤ,国土交通省 航空局 国際線就航状況 直行便データ,2026-06-28
関西,1,北米,米国,ホノルル,JL,日本航空,3.0,2023夏ダイヤ,国土交通省 航空局 国際線就航状況 直行便データ,2026-06-28
関西,1,北米,米国,ロサンゼルス,JL,日本航空,3.0,2023夏ダイヤ,国土交通省 航空局 国際線就航状況 直行便データ,2026-06-28
関西,1,ヨーロッパ,フィンランド,ヘルシンキ,AY,フィンエアー,3.0,2023夏ダイヤ,国土交通省 航空局 国際線就航状況 直行便データ,2026-06-28
関西,1,ヨーロッパ,フランス,パリ,AF,エールフランス航空,4.0,2023夏ダイヤ,国土交通省 航空局 国際線就航状況 直行便データ,2026-06-28
関西,1,中東,ＵＡＥ,ドバイ,EK,エミレーツ航空,7.0,2023夏ダイヤ,国土交通省 航空局 国際線就航状況 直行便データ,2026-06-28
岡山,0,アジア,台湾,台北,IT,タイガーエア台湾,4.0,2023夏ダイヤ,国土交通省 航空局 国際線就航状況 直行便データ,2026-06-28
広島,0,アジア,台湾,台北,CI,チャイナエアライン,4.0,2023夏ダイヤ,国土交通省 航空局 国際線就航状況 直行便データ,2026-06-28
高松,0,アジア,韓国,ソウル,RS,エアソウル,7.0,2023夏ダイヤ,国土交通省 航空局 国際線就航状況 直行便データ,2026-06-28
高松,0,アジア,香港,香港,UO,香港エクスプレス航空,3.0,2023夏ダイヤ,国土交通省 航空局 国際線就航状況 直行便データ,2026-06-28
高松,0,アジア,台湾,台北,CI,チャイナエアライン,5.0,2023夏ダイヤ,国土交通省 航空局 国際線就航状況 直行便データ,2026-06-28
松山,0,アジア,韓国,ソウル,7C,済州航空,5.0,2023夏ダイヤ,国土交通省 航空局 国際線就航状況 直行便データ,2026-06-28
松山,0,アジア,台湾,台北,BR,エバー航空,3.0,2023夏ダイヤ,国土交通省 航空局 国際線就航状況 直行便データ,2026-06-28
福岡,1,アジア,シンガポール,シンガポール,SQ,シンガポール航空,3.0,2023夏ダイヤ,国土交通省 航空局 国際線就航状況 直行便データ,2026-06-28
福岡,1,アジア,タイ,バンコク,TG,タイ国際航空,7.0,2023夏ダイヤ,国土交通省 航空局 国際線就航状況 直行便データ,2026-06-28
福岡,1,アジア,タイ,バンコク,VZ,タイベトジェットエア,7.0,2023夏ダイヤ,国土交通省 航空局 国際線就航状況 直行便データ,2026-06-28
福岡,1,アジア,タイ,バンコク,FD,タイ・エアアジア,6.0,2023夏ダイヤ,国土交通省 航空局 国際線就航状況 直行便データ,2026-06-28
福岡,1,アジア,フィリピン,マニラ,5J,セブパシフィック航空,7.0,2023夏ダイヤ,国土交通省 航空局 国際線就航状況 直行便データ,2026-06-28
福岡,1,アジア,フィリピン,マニラ,PR,フィリピン航空,7.0,2023夏ダイヤ,国土交通省 航空局 国際線就航状況 直行便データ,2026-06-28
福岡,1,アジア,ベトナム,ハノイ,VN,ベトナム航空,4.0,2023夏ダイヤ,国土交通省 航空局 国際線就航状況 直行便データ,2026-06-28
福岡,1,アジア,ベトナム,ハノイ,VJ,ベトジェットエア,3.0,2023夏ダイヤ,国土交通省 航空局 国際線就航状況 直行便データ,2026-06-28
福岡,1,アジア,ベトナム,ホーチミン,VN,ベトナム航空,3.0,2023夏ダイヤ,国土交通省 航空局 国際線就航状況 直行便データ,2026-06-28
福岡,1,アジア,韓国,ソウル,7C,済州航空,28.0,2023夏ダイヤ,国土交通省 航空局 国際線就航状況 直行便データ,2026-06-28
福岡,1,アジア,韓国,ソウル,LJ,ジンエアー,23.0,2023夏ダイヤ,国土交通省 航空局 国際線就航状況 直行便データ,2026-06-28
福岡,1,アジア,韓国,ソウル,TW,ティーウェイ航空,23.0,2023夏ダイヤ,国土交通省 航空局 国際線就航状況 直行便データ,2026-06-28
福岡,1,アジア,韓国,ソウル,KE,大韓航空,21.0,2023夏ダイヤ,国土交通省 航空局 国際線就航状況 直行便データ,2026-06-28
福岡,1,アジア,韓国,ソウル,OZ,アシアナ航空,15.0,2023夏ダイヤ,国土交通省 航空局 国際線就航状況 直行便データ,2026-06-28
福岡,1,アジア,韓国,ソウル,BX,エアプサン,14.0,2023夏ダイヤ,国土交通省 航空局 国際線就航状況 直行便データ,2026-06-28
福岡,1,アジア,韓国,ソウル,RS,エアソウル,14.0,2023夏ダイヤ,国土交通省 航空局 国際線就航状況 直行便データ,2026-06-28
福岡,1,アジア,韓国,釜山,BX,エアプサン,28.0,2023夏ダイヤ,国土交通省 航空局 国際線就航状況 直行便データ,2026-06-28
福岡,1,アジア,韓国,釜山,7C,済州航空,14.0,2023夏ダイヤ,国土交通省 航空局 国際線就航状況 直行便データ,2026-06-28
福岡,1,アジア,韓国,大邱,TW,ティーウェイ航空,7.0,2023夏ダイヤ,国土交通省 航空局 国際線就航状況 直行便データ,2026-06-28
福岡,1,アジア,香港,香港,UO,香港エクスプレス航空,16.0,2023夏ダイヤ,国土交通省 航空局 国際線就航状況 直行便データ,2026-06-28
福岡,1,アジア,香港,香港,CX,キャセイパシフィック航空,7.0,2023夏ダイヤ,国土交通省 航空局 国際線就航状況 直行便データ,2026-06-28
福岡,1,アジア,台湾,高雄,IT,タイガーエア台湾,2.0,2023夏ダイヤ,国土交通省 航空局 国際線就航状況 直行便データ,2026-06-28
福岡,1,アジア,台湾,台北,BR,エバー航空,10.0,2023夏ダイヤ,国土交通省 航空局 国際線就航状況 直行便データ,2026-06-28
福岡,1,アジア,台湾,台北,CI,チャイナエアライン,8.0,2023夏ダイヤ,国土交通省 航空局 国際線就航状況 直行便データ,2026-06-28
福岡,1,アジア,台湾,台北,IT,タイガーエア台湾,7.0,2023夏ダイヤ,国土交通省 航空局 国際線就航状況 直行便データ,2026-06-28
福岡,1,アジア,台湾,台北,JX,スターラックス航空,7.0,2023夏ダイヤ,国土交通省 航空局 国際線就航状況 直行便データ,2026-06-28
福岡,1,北米,米国,グアム,UA,ユナイテッド航空,3.0,2023夏ダイヤ,国土交通省 航空局 国際線就航状況 直行便データ,2026-06-28
熊本,0,アジア,韓国,ソウル,TW,ティーウェイ航空,7.0,2023夏ダイヤ,国土交通省 航空局 国際線就航状況 直行便データ,2026-06-28
那覇,0,アジア,韓国,ソウル,7C,済州航空,7.0,2023夏ダイヤ,国土交通省 航空局 国際線就航状況 直行便データ,2026-06-28
那覇,0,アジア,韓国,ソウル,KE,大韓航空,7.0,2023夏ダイヤ,国土交通省 航空局 国際線就航状況 直行便データ,2026-06-28
那覇,0,アジア,韓国,ソウル,LJ,ジンエアー,7.0,2023夏ダイヤ,国土交通省 航空局 国際線就航状況 直行便データ,2026-06-28
那覇,0,アジア,韓国,ソウル,OZ,アシアナ航空,7.0,2023夏ダイヤ,国土交通省 航空局 国際線就航状況 直行便データ,2026-06-28
那覇,0,アジア,韓国,ソウル,TW,ティーウェイ航空,7.0,2023夏ダイヤ,国土交通省 航空局 国際線就航状況 直行便データ,2026-06-28
那覇,0,アジア,香港,香港,HX,香港航空,7.0,2023夏ダイヤ,国土交通省 航空局 国際線就航状況 直行便データ,2026-06-28
那覇,0,アジア,香港,香港,UO,香港エクスプレス航空,5.0,2023夏ダイヤ,国土交通省 航空局 国際線就航状況 直行便データ,2026-06-28
那覇,0,アジア,台湾,台北,MM,ピーチアビエーション,14.0,2023夏ダイヤ,国土交通省 航空局 国際線就航状況 直行便データ,2026-06-28
那覇,0,アジア,台湾,台北,BR,エバー航空,7.0,2023夏ダイヤ,国土交通省 航空局 国際線就航状況 直行便データ,2026-06-28
那覇,0,アジア,台湾,台北,CI,チャイナエアライン,7.0,2023夏ダイヤ,国土交通省 航空局 国際線就航状況 直行便データ,2026-06-28
那覇,0,アジア,台湾,台北,IT,タイガーエア台湾,7.0,2023夏ダイヤ,国土交通省 航空局 国際線就航状況 直行便データ,2026-06-28
那覇,0,アジア,台湾,台北,JX,スターラックス航空,7.0,2023夏ダイヤ,国土交通省 航空局 国際線就航状況 直行便データ,2026-06-28
旭川,0,アジア,台湾,台北,IT,タイガーエア台湾,2.0,2023冬ダイヤ,国土交通省 航空局 国際線就航状況 直行便データ,2026-06-28
新千歳,0,アジア,タイ,バンコク,XJ,タイエアアジアＸ,7.0,2023冬ダイヤ,国土交通省 航空局 国際線就航状況 直行便データ,2026-06-28
新千歳,0,アジア,タイ,バンコク,TG,タイ国際航空,7.0,2023冬ダイヤ,国土交通省 航空局 国際線就航状況 直行便データ,2026-06-28
新千歳,0,アジア,韓国,ソウル,KE,大韓航空,11.0,2023冬ダイヤ,国土交通省 航空局 国際線就航状況 直行便データ,2026-06-28
新千歳,0,アジア,韓国,ソウル,OZ,アシアナ航空,7.0,2023冬ダイヤ,国土交通省 航空局 国際線就航状況 直行便データ,2026-06-28
新千歳,0,アジア,韓国,ソウル,BX,エアプサン,7.0,2023冬ダイヤ,国土交通省 航空局 国際線就航状況 直行便データ,2026-06-28
新千歳,0,アジア,韓国,ソウル,LJ,ジンエアー,7.0,2023冬ダイヤ,国土交通省 航空局 国際線就航状況 直行便データ,2026-06-28
新千歳,0,アジア,韓国,ソウル,7C,済州航空,7.0,2023冬ダイヤ,国土交通省 航空局 国際線就航状況 直行便データ,2026-06-28
新千歳,0,アジア,韓国,ソウル,TW,ティーウェイ航空,7.0,2023冬ダイヤ,国土交通省 航空局 国際線就航状況 直行便データ,2026-06-28
新千歳,0,アジア,韓国,釜山,LJ,ジンエアー,7.0,2023冬ダイヤ,国土交通省 航空局 国際線就航状況 直行便データ,2026-06-28
新千歳,0,アジア,韓国,釜山,BX,エアプサン,6.0,2023冬ダイヤ,国土交通省 航空局 国際線就航状況 直行便データ,2026-06-28
新千歳,0,アジア,韓国,務安,7C,済州航空,1.0,2023冬ダイヤ,国土交通省 航空局 国際線就航状況 直行便データ,2026-06-28
新千歳,0,アジア,香港,香港,CX,キャセイパシフィック航空,5.0,2023冬ダイヤ,国土交通省 航空局 国際線就航状況 直行便データ,2026-06-28
新千歳,0,アジア,香港,香港,HX,香港航空,3.0,2023冬ダイヤ,国土交通省 航空局 国際線就航状況 直行便データ,2026-06-28
新千歳,0,アジア,台湾,台北,BR,エバー航空,7.0,2023冬ダイヤ,国土交通省 航空局 国際線就航状況 直行便データ,2026-06-28
新千歳,0,アジア,台湾,台北,JX,スターラックス航空,7.0,2023冬ダイヤ,国土交通省 航空局 国際線就航状況 直行便データ,2026-06-28
新千歳,0,アジア,台湾,台北,IT,タイガーエア台湾,7.0,2023冬ダイヤ,国土交通省 航空局 国際線就航状況 直行便データ,2026-06-28
新千歳,0,アジア,台湾,台北,CI,チャイナ・エアライン,7.0,2023冬ダイヤ,国土交通省 航空局 国際線就航状況 直行便データ,2026-06-28
新千歳,0,アジア,中国,上海,9C,春秋航空,4.0,2023冬ダイヤ,国土交通省 航空局 国際線就航状況 直行便データ,2026-06-28
新千歳,0,アジア,中国,上海,MU,中国東方航空,2.0,2023冬ダイヤ,国土交通省 航空局 国際線就航状況 直行便データ,2026-06-28
新千歳,0,アジア,中国,北京,CA,中国国際航空,3.0,2023冬ダイヤ,国土交通省 航空局 国際線就航状況 直行便データ,2026-06-28
函館,0,アジア,台湾,台北,IT,タイガーエア台湾,5.0,2023冬ダイヤ,国土交通省 航空局 国際線就航状況 直行便データ,2026-06-28
青森,0,アジア,台湾,台北,BR,エバー航空,2.0,2023冬ダイヤ,国土交通省 航空局 国際線就航状況 直行便データ,2026-06-28
花巻,0,アジア,台湾,台北,IT,タイガーエア台湾,2.0,2023冬ダイヤ,国土交通省 航空局 国際線就航状況 直行便データ,2026-06-28
仙台,0,アジア,韓国,ソウル,OZ,アシアナ航空,4.0,2023冬ダイヤ,国土交通省 航空局 国際線就航状況 直行便データ,2026-06-28
仙台,0,アジア,台湾,台北,BR,エバー航空,7.0,2023冬ダイヤ,国土交通省 航空局 国際線就航状況 直行便データ,2026-06-28
仙台,0,アジア,台湾,台北,JX,スターラックス航空,7.0,2023冬ダイヤ,国土交通省 航空局 国際線就航状況 直行便データ,2026-06-28
仙台,0,アジア,台湾,台北,IT,タイガーエア台湾,3.0,2023冬ダイヤ,国土交通省 航空局 国際線就航状況 直行便データ,2026-06-28
新潟,0,アジア,韓国,ソウル,KE,大韓航空,3.0,2023冬ダイヤ,国土交通省 航空局 国際線就航状況 直行便データ,2026-06-28
新潟,0,アジア,台湾,台北,IT,タイガーエア台湾,2.0,2023冬ダイヤ,国土交通省 航空局 国際線就航状況 直行便データ,2026-06-28
新潟,0,アジア,中国,上海,MU,中国東方航空,1.0,2023冬ダイヤ,国土交通省 航空局 国際線就航状況 直行便データ,2026-06-28
百里,0,アジア,台湾,台北,IT,タイガーエア台湾,2.0,2023冬ダイヤ,国土交通省 航空局 国際線就航状況 直行便データ,2026-06-28
成田,1,アジア,インド,デリー,AI,エア・インディア,4.0,2023冬ダイヤ,国土交通省 航空局 国際線就航状況 直行便データ,2026-06-28
成田,1,アジア,インド,ベンガルール,JL,日本航空,3.0,2023冬ダイヤ,国土交通省 航空局 国際線就航状況 直行便データ,2026-06-28
成田,1,アジア,インド,ムンバイ,NH,全日本空輸,3.0,2023冬ダイヤ,国土交通省 航空局 国際線就航状況 直行便データ,2026-06-28
成田,1,アジア,インドネシア,ジャカルタ,JL,日本航空,11.0,2023冬ダイヤ,国土交通省 航空局 国際線就航状況 直行便データ,2026-06-28
成田,1,アジア,インドネシア,ジャカルタ,NH,全日本空輸,7.0,2023冬ダイヤ,国土交通省 航空局 国際線就航状況 直行便データ,2026-06-28
成田,1,アジア,インドネシア,デンパサール,GA,ガルーダ・インドネシア航空,6.0,2023冬ダイヤ,国土交通省 航空局 国際線就航状況 直行便データ,2026-06-28
成田,1,アジア,シンガポール,シンガポール,SQ,シンガポール航空,14.0,2023冬ダイヤ,国土交通省 航空局 国際線就航状況 直行便データ,2026-06-28
成田,1,アジア,シンガポール,シンガポール,ZG,ＺＩＰＡＩＲ　Ｔｏｋｙｏ,7.0,2023冬ダイヤ,国土交通省 航空局 国際線就航状況 直行便データ,2026-06-28
成田,1,アジア,シンガポール,シンガポール,NQ,エアージャパン,7.0,2023冬ダイヤ,国土交通省 航空局 国際線就航状況 直行便データ,2026-06-28
成田,1,アジア,シンガポール,シンガポール,TR,スクート,7.0,2023冬ダイヤ,国土交通省 航空局 国際線就航状況 直行便データ,2026-06-28
成田,1,アジア,シンガポール,シンガポール,JL,日本航空,7.0,2023冬ダイヤ,国土交通省 航空局 国際線就航状況 直行便データ,2026-06-28
成田,1,アジア,スリランカ,コロンボ,UL,スリランカ航空,4.0,2023冬ダイヤ,国土交通省 航空局 国際線就航状況 直行便データ,2026-06-28
成田,1,アジア,タイ,バンコク,XJ,タイエアアジアＸ,14.0,2023冬ダイヤ,国土交通省 航空局 国際線就航状況 直行便データ,2026-06-28
成田,1,アジア,タイ,バンコク,TG,タイ国際航空,14.0,2023冬ダイヤ,国土交通省 航空局 国際線就航状況 直行便データ,2026-06-28
成田,1,アジア,タイ,バンコク,ZG,ＺＩＰＡＩＲ　Ｔｏｋｙｏ,7.0,2023冬ダイヤ,国土交通省 航空局 国際線就航状況 直行便データ,2026-06-28
成田,1,アジア,タイ,バンコク,NH,全日本空輸,7.0,2023冬ダイヤ,国土交通省 航空局 国際線就航状況 直行便データ,2026-06-28
成田,1,アジア,タイ,バンコク,JL,日本航空,7.0,2023冬ダイヤ,国土交通省 航空局 国際線就航状況 直行便データ,2026-06-28
成田,1,アジア,ネパール,カトマンズ,RA,ネパール航空,3.0,2023冬ダイヤ,国土交通省 航空局 国際線就航状況 直行便データ,2026-06-28
成田,1,アジア,バングラデシュ,ダッカ,BG,ビーマン・バングラデシュ航空,2.0,2023冬ダイヤ,国土交通省 航空局 国際線就航状況 直行便データ,2026-06-28
成田,1,アジア,フィリピン,クラーク,5J,セブパシフィック航空,7.0,2023冬ダイヤ,国土交通省 航空局 国際線就航状況 直行便データ,2026-06-28
成田,1,アジア,フィリピン,セブ,5J,セブパシフィック航空,7.0,2023冬ダイヤ,国土交通省 航空局 国際線就航状況 直行便データ,2026-06-28
成田,1,アジア,フィリピン,セブ,Z2,フィリピンエアアジア,7.0,2023冬ダイヤ,国土交通省 航空局 国際線就航状況 直行便データ,2026-06-28
成田,1,アジア,フィリピン,セブ,PR,フィリピン航空,7.0,2023冬ダイヤ,国土交通省 航空局 国際線就航状況 直行便データ,2026-06-28
成田,1,アジア,フィリピン,マニラ,5J,セブパシフィック航空,14.0,2023冬ダイヤ,国土交通省 航空局 国際線就航状況 直行便データ,2026-06-28
成田,1,アジア,フィリピン,マニラ,PR,フィリピン航空,14.0,2023冬ダイヤ,国土交通省 航空局 国際線就航状況 直行便データ,2026-06-28
成田,1,アジア,フィリピン,マニラ,ZG,ＺＩＰＡＩＲ　Ｔｏｋｙｏ,7.0,2023冬ダイヤ,国土交通省 航空局 国際線就航状況 直行便データ,2026-06-28
成田,1,アジア,フィリピン,マニラ,GK,ジェットスター・ジャパン,7.0,2023冬ダイヤ,国土交通省 航空局 国際線就航状況 直行便データ,2026-06-28
成田,1,アジア,フィリピン,マニラ,Z2,フィリピンエアアジア,7.0,2023冬ダイヤ,国土交通省 航空局 国際線就航状況 直行便データ,2026-06-28
成田,1,アジア,フィリピン,マニラ,NH,全日本空輸,7.0,2023冬ダイヤ,国土交通省 航空局 国際線就航状況 直行便データ,2026-06-28
成田,1,アジア,フィリピン,マニラ,JL,日本航空,7.0,2023冬ダイヤ,国土交通省 航空局 国際線就航状況 直行便データ,2026-06-28
成田,1,アジア,ブルネイ,バンダルスリブガワン,BI,ロイヤルブルネイ航空,4.0,2023冬ダイヤ,国土交通省 航空局 国際線就航状況 直行便データ,2026-06-28
成田,1,アジア,ベトナム,ダナン,VN,ベトナム航空,7.0,2023冬ダイヤ,国土交通省 航空局 国際線就航状況 直行便データ,2026-06-28
成田,1,アジア,ベトナム,ハノイ,VJ,ベトジェットエア,14.0,2023冬ダイヤ,国土交通省 航空局 国際線就航状況 直行便データ,2026-06-28
成田,1,アジア,ベトナム,ハノイ,QH,バンブーエアウェイズ,7.0,2023冬ダイヤ,国土交通省 航空局 国際線就航状況 直行便データ,2026-06-28
成田,1,アジア,ベトナム,ハノイ,VN,ベトナム航空,7.0,2023冬ダイヤ,国土交通省 航空局 国際線就航状況 直行便データ,2026-06-28
成田,1,アジア,ベトナム,ハノイ,NH,全日本空輸,7.0,2023冬ダイヤ,国土交通省 航空局 国際線就航状況 直行便データ,2026-06-28
成田,1,アジア,ベトナム,ハノイ,JL,日本航空,7.0,2023冬ダイヤ,国土交通省 航空局 国際線就航状況 直行便データ,2026-06-28
成田,1,アジア,ベトナム,ホーチミン,VN,ベトナム航空,12.0,2023冬ダイヤ,国土交通省 航空局 国際線就航状況 直行便データ,2026-06-28
成田,1,アジア,ベトナム,ホーチミン,VJ,ベトジェットエア,7.0,2023冬ダイヤ,国土交通省 航空局 国際線就航状況 直行便データ,2026-06-28
成田,1,アジア,ベトナム,ホーチミン,NH,全日本空輸,7.0,2023冬ダイヤ,国土交通省 航空局 国際線就航状況 直行便データ,2026-06-28
成田,1,アジア,ベトナム,ホーチミン,JL,日本航空,7.0,2023冬ダイヤ,国土交通省 航空局 国際線就航状況 直行便データ,2026-06-28
成田,1,アジア,マカオ,マカオ,NX,マカオ航空,4.0,2023冬ダイヤ,国土交通省 航空局 国際線就航状況 直行便データ,2026-06-28
成田,1,アジア,マレーシア,クアラルンプール,MH,マレーシア航空,12.0,2023冬ダイヤ,国土交通省 航空局 国際線就航状況 直行便データ,2026-06-28
成田,1,アジア,マレーシア,クアラルンプール,NH,全日本空輸,7.0,2023冬ダイヤ,国土交通省 航空局 国際線就航状況 直行便データ,2026-06-28
成田,1,アジア,マレーシア,クアラルンプール,JL,日本航空,7.0,2023冬ダイヤ,国土交通省 航空局 国際線就航状況 直行便データ,2026-06-28
成田,1,アジア,マレーシア,クアラルンプール,OD,マリンドエア,3.0,2023冬ダイヤ,国土交通省 航空局 国際線就航状況 直行便データ,2026-06-28
成田,1,アジア,モンゴル,ウランバートル,OM,MIATモンゴル航空,6.0,2023冬ダイヤ,国土交通省 航空局 国際線就航状況 直行便データ,2026-06-28
成田,1,アジア,モンゴル,ウランバートル,M0,アエロモンゴリア,2.0,2023冬ダイヤ,国土交通省 航空局 国際線就航状況 直行便データ,2026-06-28
成田,1,アジア,韓国,ソウル,7C,済州航空,39.0,2023冬ダイヤ,国土交通省 航空局 国際線就航状況 直行便データ,2026-06-28
成田,1,アジア,韓国,ソウル,KE,大韓航空,28.0,2023冬ダイヤ,国土交通省 航空局 国際線就航状況 直行便データ,2026-06-28
成田,1,アジア,韓国,ソウル,OZ,アシアナ航空,21.0,2023冬ダイヤ,国土交通省 航空局 国際線就航状況 直行便データ,2026-06-28
成田,1,アジア,韓国,ソウル,RS,エアソウル,21.0,2023冬ダイヤ,国土交通省 航空局 国際線就航状況 直行便データ,2026-06-28
成田,1,アジア,韓国,ソウル,LJ,ジンエアー,21.0,2023冬ダイヤ,国土交通省 航空局 国際線就航状況 直行便データ,2026-06-28
成田,1,アジア,韓国,ソウル,TW,ティーウェイ航空,21.0,2023冬ダイヤ,国土交通省 航空局 国際線就航状況 直行便データ,2026-06-28
成田,1,アジア,韓国,ソウル,BX,エアプサン,14.0,2023冬ダイヤ,国土交通省 航空局 国際線就航状況 直行便データ,2026-06-28
成田,1,アジア,韓国,ソウル,ZG,ＺＩＰＡＩＲ　Ｔｏｋｙｏ,7.0,2023冬ダイヤ,国土交通省 航空局 国際線就航状況 直行便データ,2026-06-28
成田,1,アジア,韓国,ソウル,ZE,イースター航空,7.0,2023冬ダイヤ,国土交通省 航空局 国際線就航状況 直行便データ,2026-06-28
成田,1,アジア,韓国,ソウル,YP,エアプレミア,4.0,2023冬ダイヤ,国土交通省 航空局 国際線就航状況 直行便データ,2026-06-28
成田,1,アジア,韓国,釜山,7C,済州航空,14.0,2023冬ダイヤ,国土交通省 航空局 国際線就航状況 直行便データ,2026-06-28
成田,1,アジア,韓国,釜山,KE,大韓航空,14.0,2023冬ダイヤ,国土交通省 航空局 国際線就航状況 直行便データ,2026-06-28
成田,1,アジア,韓国,釜山,BX,エアプサン,7.0,2023冬ダイヤ,国土交通省 航空局 国際線就航状況 直行便データ,2026-06-28
成田,1,アジア,韓国,釜山,LJ,ジンエアー,7.0,2023冬ダイヤ,国土交通省 航空局 国際線就航状況 直行便データ,2026-06-28
成田,1,アジア,韓国,清州,RF,エアロ　Ｋ,14.0,2023冬ダイヤ,国土交通省 航空局 国際線就航状況 直行便データ,2026-06-28
成田,1,アジア,韓国,大邱,TW,ティーウェイ航空,7.0,2023冬ダイヤ,国土交通省 航空局 国際線就航状況 直行便データ,2026-06-28
成田,1,アジア,香港,香港,CX,キャセイパシフィック航空,35.0,2023冬ダイヤ,国土交通省 航空局 国際線就航状況 直行便データ,2026-06-28
成田,1,アジア,香港,香港,UO,香港エクスプレス,31.0,2023冬ダイヤ,国土交通省 航空局 国際線就航状況 直行便データ,2026-06-28
成田,1,アジア,香港,香港,HX,香港航空,18.0,2023冬ダイヤ,国土交通省 航空局 国際線就航状況 直行便データ,2026-06-28
成田,1,アジア,香港,香港,HB,グレーターベイ航空,7.0,2023冬ダイヤ,国土交通省 航空局 国際線就航状況 直行便データ,2026-06-28
成田,1,アジア,香港,香港,JL,日本航空,7.0,2023冬ダイヤ,国土交通省 航空局 国際線就航状況 直行便データ,2026-06-28
成田,1,アジア,香港,香港,NH,全日本空輸,0.5,2023冬ダイヤ,国土交通省 航空局 国際線就航状況 直行便データ,2026-06-28
成田,1,アジア,台湾,高雄,BR,エバー航空,7.0,2023冬ダイヤ,国土交通省 航空局 国際線就航状況 直行便データ,2026-06-28
成田,1,アジア,台湾,高雄,CI,チャイナ・エアライン,7.0,2023冬ダイヤ,国土交通省 航空局 国際線就航状況 直行便データ,2026-06-28
成田,1,アジア,台湾,高雄,IT,タイガーエア台湾,5.0,2023冬ダイヤ,国土交通省 航空局 国際線就航状況 直行便データ,2026-06-28
成田,1,アジア,台湾,台北,CI,チャイナ・エアライン,24.0,2023冬ダイヤ,国土交通省 航空局 国際線就航状況 直行便データ,2026-06-28
成田,1,アジア,台湾,台北,BR,エバー航空,21.0,2023冬ダイヤ,国土交通省 航空局 国際線就航状況 直行便データ,2026-06-28
成田,1,アジア,台湾,台北,JX,スターラックス航空,21.0,2023冬ダイヤ,国土交通省 航空局 国際線就航状況 直行便データ,2026-06-28
成田,1,アジア,台湾,台北,MM,ピーチアビエーション,14.5,2023冬ダイヤ,国土交通省 航空局 国際線就航状況 直行便データ,2026-06-28
成田,1,アジア,台湾,台北,IT,タイガーエア台湾,14.0,2023冬ダイヤ,国土交通省 航空局 国際線就航状況 直行便データ,2026-06-28
成田,1,アジア,台湾,台北,JL,日本航空,14.0,2023冬ダイヤ,国土交通省 航空局 国際線就航状況 直行便データ,2026-06-28
成田,1,アジア,台湾,台北,GK,ジェットスター・ジャパン,7.0,2023冬ダイヤ,国土交通省 航空局 国際線就航状況 直行便データ,2026-06-28
成田,1,アジア,中国,ハルビン,IJ,スプリング・ジャパン,7.0,2023冬ダイヤ,国土交通省 航空局 国際線就航状況 直行便データ,2026-06-28
成田,1,アジア,中国,ハルビン,CZ,中国南方航空,3.0,2023冬ダイヤ,国土交通省 航空局 国際線就航状況 直行便データ,2026-06-28
成田,1,アジア,中国,広州,NH,全日本空輸,3.0,2023冬ダイヤ,国土交通省 航空局 国際線就航状況 直行便データ,2026-06-28
成田,1,アジア,中国,杭州,NH,全日本空輸,4.0,2023冬ダイヤ,国土交通省 航空局 国際線就航状況 直行便データ,2026-06-28
成田,1,アジア,中国,杭州,CA,中国国際航空,4.0,2023冬ダイヤ,国土交通省 航空局 国際線就航状況 直行便データ,2026-06-28
成田,1,アジア,中国,昆明,MU,中国東方航空,1.0,2023冬ダイヤ,国土交通省 航空局 国際線就航状況 直行便データ,2026-06-28
成田,1,アジア,中国,上海,MU,中国東方航空,23.0,2023冬ダイヤ,国土交通省 航空局 国際線就航状況 直行便データ,2026-06-28
成田,1,アジア,中国,上海,CA,中国国際航空,21.0,2023冬ダイヤ,国土交通省 航空局 国際線就航状況 直行便データ,2026-06-28
成田,1,アジア,中国,上海,NH,全日本空輸,10.0,2023冬ダイヤ,国土交通省 航空局 国際線就航状況 直行便データ,2026-06-28
成田,1,アジア,中国,上海,9C,春秋航空,7.0,2023冬ダイヤ,国土交通省 航空局 国際線就航状況 直行便データ,2026-06-28
成田,1,アジア,中国,上海,HO,上海吉祥航空,7.0,2023冬ダイヤ,国土交通省 航空局 国際線就航状況 直行便データ,2026-06-28
成田,1,アジア,中国,上海,CZ,中国南方航空,7.0,2023冬ダイヤ,国土交通省 航空局 国際線就航状況 直行便データ,2026-06-28
成田,1,アジア,中国,深セン,ZH,深圳航空,7.0,2023冬ダイヤ,国土交通省 航空局 国際線就航状況 直行便データ,2026-06-28
成田,1,アジア,中国,成都,3U,四川航空,3.0,2023冬ダイヤ,国土交通省 航空局 国際線就航状況 直行便データ,2026-06-28
成田,1,アジア,中国,西安,HU,海南航空,2.0,2023冬ダイヤ,国土交通省 航空局 国際線就航状況 直行便データ,2026-06-28
成田,1,アジア,中国,西安,MU,中国東方航空,1.0,2023冬ダイヤ,国土交通省 航空局 国際線就航状況 直行便データ,2026-06-28
成田,1,アジア,中国,大連,NH,全日本空輸,7.0,2023冬ダイヤ,国土交通省 航空局 国際線就航状況 直行便データ,2026-06-28
成田,1,アジア,中国,大連,CZ,中国南方航空,4.0,2023冬ダイヤ,国土交通省 航空局 国際線就航状況 直行便データ,2026-06-28
成田,1,アジア,中国,長春,CZ,中国南方航空,3.0,2023冬ダイヤ,国土交通省 航空局 国際線就航状況 直行便データ,2026-06-28
成田,1,アジア,中国,天津,IJ,スプリング・ジャパン,7.0,2023冬ダイヤ,国土交通省 航空局 国際線就航状況 直行便データ,2026-06-28
成田,1,アジア,中国,南京,MU,中国東方航空,3.0,2023冬ダイヤ,国土交通省 航空局 国際線就航状況 直行便データ,2026-06-28
成田,1,アジア,中国,寧波,IJ,スプリング・ジャパン,7.0,2023冬ダイヤ,国土交通省 航空局 国際線就航状況 直行便データ,2026-06-28
成田,1,アジア,中国,武漢,MU,中国東方航空,2.0,2023冬ダイヤ,国土交通省 航空局 国際線就航状況 直行便データ,2026-06-28
成田,1,アジア,中国,福州,MF,厦門航空,5.0,2023冬ダイヤ,国土交通省 航空局 国際線就航状況 直行便データ,2026-06-28
成田,1,アジア,中国,北京,CA,中国国際航空,7.0,2023冬ダイヤ,国土交通省 航空局 国際線就航状況 直行便データ,2026-06-28
成田,1,アジア,中国,北京,HU,海南航空,4.0,2023冬ダイヤ,国土交通省 航空局 国際線就航状況 直行便データ,2026-06-28
成田,1,アジア,中国,北京,NH,全日本空輸,2.5,2023冬ダイヤ,国土交通省 航空局 国際線就航状況 直行便データ,2026-06-28
成田,1,アジア,中国,厦門,MF,厦門航空,2.0,2023冬ダイヤ,国土交通省 航空局 国際線就航状況 直行便データ,2026-06-28
成田,1,アジア,中国,瀋陽,CZ,中国南方航空,7.0,2023冬ダイヤ,国土交通省 航空局 国際線就航状況 直行便データ,2026-06-28
成田,1,オセアニア,豪州,ケアンズ,JQ,ジェットスター,6.5,2023冬ダイヤ,国土交通省 航空局 国際線就航状況 直行便データ,2026-06-28
成田,1,オセアニア,豪州,ゴールドコースト,JQ,ジェットスター,0.5,2023冬ダイヤ,国土交通省 航空局 国際線就航状況 直行便データ,2026-06-28
成田,1,オセアニア,豪州,パース,NH,全日本空輸,3.0,2023冬ダイヤ,国土交通省 航空局 国際線就航状況 直行便データ,2026-06-28
成田,1,オセアニア,豪州,ブリスベン,JQ,ジェットスター,4.5,2023冬ダイヤ,国土交通省 航空局 国際線就航状況 直行便データ,2026-06-28
成田,1,オセアニア,豪州,メルボルン,JL,日本航空,3.0,2023冬ダイヤ,国土交通省 航空局 国際線就航状況 直行便データ,2026-06-28
成田,1,オセアニア,ニュージーランド,オークランド,NZ,ニュージーランド航空,7.0,2023冬ダイヤ,国土交通省 航空局 国際線就航状況 直行便データ,2026-06-28
成田,1,オセアニア,フィジー,ナンディ,FJ,フィジーエアウェイズ,2.0,2023冬ダイヤ,国土交通省 航空局 国際線就航状況 直行便データ,2026-06-28
成田,1,北米,カナダ,トロント,AC,エア・カナダ,3.0,2023冬ダイヤ,国土交通省 航空局 国際線就航状況 直行便データ,2026-06-28
成田,1,北米,カナダ,バンクーバー,AC,エア・カナダ,7.0,2023冬ダイヤ,国土交通省 航空局 国際線就航状況 直行便データ,2026-06-28
成田,1,北米,カナダ,バンクーバー,JL,日本航空,7.0,2023冬ダイヤ,国土交通省 航空局 国際線就航状況 直行便データ,2026-06-28
成田,1,北米,カナダ,モントリオール,AC,エア・カナダ,4.0,2023冬ダイヤ,国土交通省 航空局 国際線就航状況 直行便データ,2026-06-28
成田,1,北米,米国,グアム,UA,ユナイテッド航空,25.0,2023冬ダイヤ,国土交通省 航空局 国際線就航状況 直行便データ,2026-06-28
成田,1,北米,米国,グアム,JL,日本航空,4.0,2023冬ダイヤ,国土交通省 航空局 国際線就航状況 直行便データ,2026-06-28
成田,1,北米,米国,サイパン,UA,ユナイテッド航空,3.0,2023冬ダイヤ,国土交通省 航空局 国際線就航状況 直行便データ,2026-06-28
成田,1,北米,米国,サンディエゴ,JL,日本航空,4.0,2023冬ダイヤ,国土交通省 航空局 国際線就航状況 直行便データ,2026-06-28
成田,1,北米,米国,サンノゼ,ZG,ＺＩＰＡＩＲ　Ｔｏｋｙｏ,5.0,2023冬ダイヤ,国土交通省 航空局 国際線就航状況 直行便データ,2026-06-28
成田,1,北米,米国,サンフランシスコ,UA,ユナイテッド航空,7.0,2023冬ダイヤ,国土交通省 航空局 国際線就航状況 直行便データ,2026-06-28
成田,1,北米,米国,サンフランシスコ,NH,全日本空輸,7.0,2023冬ダイヤ,国土交通省 航空局 国際線就航状況 直行便データ,2026-06-28
成田,1,北米,米国,サンフランシスコ,JL,日本航空,7.0,2023冬ダイヤ,国土交通省 航空局 国際線就航状況 直行便データ,2026-06-28
成田,1,北米,米国,サンフランシスコ,ZG,ＺＩＰＡＩＲ　Ｔｏｋｙｏ,6.0,2023冬ダイヤ,国土交通省 航空局 国際線就航状況 直行便データ,2026-06-28
成田,1,北米,米国,シアトル,JL,日本航空,7.0,2023冬ダイヤ,国土交通省 航空局 国際線就航状況 直行便データ,2026-06-28
成田,1,北米,米国,シカゴ,NH,全日本空輸,7.0,2023冬ダイヤ,国土交通省 航空局 国際線就航状況 直行便データ,2026-06-28
成田,1,北米,米国,ダラス,AA,アメリカン航空,7.0,2023冬ダイヤ,国土交通省 航空局 国際線就航状況 直行便データ,2026-06-28
成田,1,北米,米国,デンバー,UA,ユナイテッド航空,7.0,2023冬ダイヤ,国土交通省 航空局 国際線就航状況 直行便データ,2026-06-28
成田,1,北米,米国,ニューアーク,UA,ユナイテッド航空,7.0,2023冬ダイヤ,国土交通省 航空局 国際線就航状況 直行便データ,2026-06-28
成田,1,北米,米国,ヒューストン,UA,ユナイテッド航空,7.0,2023冬ダイヤ,国土交通省 航空局 国際線就航状況 直行便データ,2026-06-28
成田,1,北米,米国,ボストン,JL,日本航空,7.0,2023冬ダイヤ,国土交通省 航空局 国際線就航状況 直行便データ,2026-06-28
成田,1,北米,米国,ホノルル,NH,全日本空輸,10.0,2023冬ダイヤ,国土交通省 航空局 国際線就航状況 直行便データ,2026-06-28
成田,1,北米,米国,ホノルル,HA,ハワイアン航空,7.0,2023冬ダイヤ,国土交通省 航空局 国際線就航状況 直行便データ,2026-06-28
成田,1,北米,米国,ホノルル,JL,日本航空,7.0,2023冬ダイヤ,国土交通省 航空局 国際線就航状況 直行便データ,2026-06-28
成田,1,北米,米国,ホノルル,ZG,ＺＩＰＡＩＲ　Ｔｏｋｙｏ,3.0,2023冬ダイヤ,国土交通省 航空局 国際線就航状況 直行便データ,2026-06-28
成田,1,北米,米国,ロサンゼルス,ZG,ＺＩＰＡＩＲ　Ｔｏｋｙｏ,7.0,2023冬ダイヤ,国土交通省 航空局 国際線就航状況 直行便データ,2026-06-28
成田,1,北米,米国,ロサンゼルス,SQ,シンガポール航空,7.0,2023冬ダイヤ,国土交通省 航空局 国際線就航状況 直行便データ,2026-06-28
成田,1,北米,米国,ロサンゼルス,UA,ユナイテッド航空,7.0,2023冬ダイヤ,国土交通省 航空局 国際線就航状況 直行便データ,2026-06-28
成田,1,北米,米国,ロサンゼルス,NH,全日本空輸,7.0,2023冬ダイヤ,国土交通省 航空局 国際線就航状況 直行便データ,2026-06-28
成田,1,北米,米国,ロサンゼルス,JL,日本航空,7.0,2023冬ダイヤ,国土交通省 航空局 国際線就航状況 直行便データ,2026-06-28
成田,1,中南米,メキシコ,メキシコシティ,AM,アエロメヒコ,7.0,2023冬ダイヤ,国土交通省 航空局 国際線就航状況 直行便データ,2026-06-28
成田,1,中南米,メキシコ,メキシコシティ,NH,全日本空輸,7.0,2023冬ダイヤ,国土交通省 航空局 国際線就航状況 直行便データ,2026-06-28
成田,1,ヨーロッパ,ウズベキスタン,タシケント,HY,ウズベキスタン航空,1.0,2023冬ダイヤ,国土交通省 航空局 国際線就航状況 直行便データ,2026-06-28
成田,1,ヨーロッパ,オーストリア,ウィーン,OS,オーストリア航空,1.0,2023冬ダイヤ,国土交通省 航空局 国際線就航状況 直行便データ,2026-06-28
成田,1,ヨーロッパ,オランダ,アムステルダム,KL,ＫＬＭオランダ航空,6.0,2023冬ダイヤ,国土交通省 航空局 国際線就航状況 直行便データ,2026-06-28
成田,1,ヨーロッパ,スイス,チューリッヒ,LX,スイスインターナショナル航空,5.0,2023冬ダイヤ,国土交通省 航空局 国際線就航状況 直行便データ,2026-06-28
成田,1,ヨーロッパ,ドイツ,フランクフルト,JL,日本航空,7.0,2023冬ダイヤ,国土交通省 航空局 国際線就航状況 直行便データ,2026-06-28
成田,1,ヨーロッパ,フィンランド,ヘルシンキ,AY,フィンエアー,4.0,2023冬ダイヤ,国土交通省 航空局 国際線就航状況 直行便データ,2026-06-28
成田,1,ヨーロッパ,フランス,ヌーメア,SB,エアカラン,3.0,2023冬ダイヤ,国土交通省 航空局 国際線就航状況 直行便データ,2026-06-28
成田,1,ヨーロッパ,フランス,パペーテ,TN,エア　タヒチ　ヌイ,2.0,2023冬ダイヤ,国土交通省 航空局 国際線就航状況 直行便データ,2026-06-28
成田,1,ヨーロッパ,フランス,パリ,AF,エールフランス航空,3.0,2023冬ダイヤ,国土交通省 航空局 国際線就航状況 直行便データ,2026-06-28
成田,1,ヨーロッパ,ベルギー,ブリュッセル,NH,全日本空輸,2.0,2023冬ダイヤ,国土交通省 航空局 国際線就航状況 直行便データ,2026-06-28
成田,1,ヨーロッパ,ポーランド,ワルシャワ,LO,LOTポーランド航空,4.0,2023冬ダイヤ,国土交通省 航空局 国際線就航状況 直行便データ,2026-06-28
成田,1,中東,ＵＡＥ,アブダビ,EY,エティハド航空,7.0,2023冬ダイヤ,国土交通省 航空局 国際線就航状況 直行便データ,2026-06-28
成田,1,中東,ＵＡＥ,ドバイ,EK,エミレーツ航空,7.0,2023冬ダイヤ,国土交通省 航空局 国際線就航状況 直行便データ,2026-06-28
成田,1,中東,イスラエル,テルアビブ,LY,エルアルイスラエル航空,1.0,2023冬ダイヤ,国土交通省 航空局 国際線就航状況 直行便データ,2026-06-28
成田,1,中東,カタール,ドーハ,QR,カタール航空,7.0,2023冬ダイヤ,国土交通省 航空局 国際線就航状況 直行便データ,2026-06-28
成田,1,中東,トルコ,イスタンブール,TK,ターキッシュエアラインズ,4.0,2023冬ダイヤ,国土交通省 航空局 国際線就航状況 直行便データ,2026-06-28
成田,1,アフリカ,エジプト,カイロ,MS,エジプト航空,2.0,2023冬ダイヤ,国土交通省 航空局 国際線就航状況 直行便データ,2026-06-28
羽田,1,アジア,インド,デリー,NH,全日本空輸,7.0,2023冬ダイヤ,国土交通省 航空局 国際線就航状況 直行便データ,2026-06-28
羽田,1,アジア,インド,デリー,JL,日本航空,7.0,2023冬ダイヤ,国土交通省 航空局 国際線就航状況 直行便データ,2026-06-28
羽田,1,アジア,インドネシア,ジャカルタ,NH,全日本空輸,11.5,2023冬ダイヤ,国土交通省 航空局 国際線就航状況 直行便データ,2026-06-28
羽田,1,アジア,インドネシア,ジャカルタ,GA,ガルーダ・インドネシア航空,4.0,2023冬ダイヤ,国土交通省 航空局 国際線就航状況 直行便データ,2026-06-28
羽田,1,アジア,シンガポール,シンガポール,SQ,シンガポール航空,21.0,2023冬ダイヤ,国土交通省 航空局 国際線就航状況 直行便データ,2026-06-28
羽田,1,アジア,シンガポール,シンガポール,NH,全日本空輸,14.0,2023冬ダイヤ,国土交通省 航空局 国際線就航状況 直行便データ,2026-06-28
羽田,1,アジア,シンガポール,シンガポール,JL,日本航空,14.0,2023冬ダイヤ,国土交通省 航空局 国際線就航状況 直行便データ,2026-06-28
羽田,1,アジア,タイ,バンコク,TG,タイ国際航空,14.0,2023冬ダイヤ,国土交通省 航空局 国際線就航状況 直行便データ,2026-06-28
羽田,1,アジア,タイ,バンコク,NH,全日本空輸,14.0,2023冬ダイヤ,国土交通省 航空局 国際線就航状況 直行便データ,2026-06-28
羽田,1,アジア,タイ,バンコク,JL,日本航空,14.0,2023冬ダイヤ,国土交通省 航空局 国際線就航状況 直行便データ,2026-06-28
羽田,1,アジア,フィリピン,マニラ,PR,フィリピン航空,14.0,2023冬ダイヤ,国土交通省 航空局 国際線就航状況 直行便データ,2026-06-28
羽田,1,アジア,フィリピン,マニラ,NH,全日本空輸,7.0,2023冬ダイヤ,国土交通省 航空局 国際線就航状況 直行便データ,2026-06-28
羽田,1,アジア,フィリピン,マニラ,JL,日本航空,7.0,2023冬ダイヤ,国土交通省 航空局 国際線就航状況 直行便データ,2026-06-28
羽田,1,アジア,ベトナム,ハノイ,VN,ベトナム航空,7.0,2023冬ダイヤ,国土交通省 航空局 国際線就航状況 直行便データ,2026-06-28
羽田,1,アジア,ベトナム,ホーチミン,VJ,ベトジェットエア,7.0,2023冬ダイヤ,国土交通省 航空局 国際線就航状況 直行便データ,2026-06-28
羽田,1,アジア,ベトナム,ホーチミン,NH,全日本空輸,7.0,2023冬ダイヤ,国土交通省 航空局 国際線就航状況 直行便データ,2026-06-28
羽田,1,アジア,ベトナム,ホーチミン,JL,日本航空,7.0,2023冬ダイヤ,国土交通省 航空局 国際線就航状況 直行便データ,2026-06-28
羽田,1,アジア,マレーシア,クアラルンプール,D7,エアアジアＸ,7.0,2023冬ダイヤ,国土交通省 航空局 国際線就航状況 直行便データ,2026-06-28
羽田,1,アジア,マレーシア,クアラルンプール,NH,全日本空輸,4.5,2023冬ダイヤ,国土交通省 航空局 国際線就航状況 直行便データ,2026-06-28
羽田,1,アジア,韓国,ソウル,KE,大韓航空,28.0,2023冬ダイヤ,国土交通省 航空局 国際線就航状況 直行便データ,2026-06-28
羽田,1,アジア,韓国,ソウル,OZ,アシアナ航空,21.0,2023冬ダイヤ,国土交通省 航空局 国際線就航状況 直行便データ,2026-06-28
羽田,1,アジア,韓国,ソウル,JL,日本航空,21.0,2023冬ダイヤ,国土交通省 航空局 国際線就航状況 直行便データ,2026-06-28
羽田,1,アジア,韓国,ソウル,NH,全日本空輸,20.5,2023冬ダイヤ,国土交通省 航空局 国際線就航状況 直行便データ,2026-06-28
羽田,1,アジア,韓国,ソウル,MM,ピーチアビエーション,7.0,2023冬ダイヤ,国土交通省 航空局 国際線就航状況 直行便データ,2026-06-28
羽田,1,アジア,香港,香港,UO,香港エクスプレス,20.5,2023冬ダイヤ,国土交通省 航空局 国際線就航状況 直行便データ,2026-06-28
羽田,1,アジア,香港,香港,CX,キャセイパシフィック航空,14.0,2023冬ダイヤ,国土交通省 航空局 国際線就航状況 直行便データ,2026-06-28
羽田,1,アジア,香港,香港,NH,全日本空輸,7.0,2023冬ダイヤ,国土交通省 航空局 国際線就航状況 直行便データ,2026-06-28
羽田,1,アジア,香港,香港,JL,日本航空,7.0,2023冬ダイヤ,国土交通省 航空局 国際線就航状況 直行便データ,2026-06-28
羽田,1,アジア,台湾,台北,BR,エバー航空,14.0,2023冬ダイヤ,国土交通省 航空局 国際線就航状況 直行便データ,2026-06-28
羽田,1,アジア,台湾,台北,CI,チャイナ・エアライン,14.0,2023冬ダイヤ,国土交通省 航空局 国際線就航状況 直行便データ,2026-06-28
羽田,1,アジア,台湾,台北,NH,全日本空輸,14.0,2023冬ダイヤ,国土交通省 航空局 国際線就航状況 直行便データ,2026-06-28
羽田,1,アジア,台湾,台北,JL,日本航空,14.0,2023冬ダイヤ,国土交通省 航空局 国際線就航状況 直行便データ,2026-06-28
羽田,1,アジア,台湾,台北,IT,タイガーエア台湾,7.0,2023冬ダイヤ,国土交通省 航空局 国際線就航状況 直行便データ,2026-06-28
羽田,1,アジア,台湾,台北,MM,ピーチアビエーション,7.0,2023冬ダイヤ,国土交通省 航空局 国際線就航状況 直行便データ,2026-06-28
羽田,1,アジア,中国,広州,CZ,中国南方航空,7.0,2023冬ダイヤ,国土交通省 航空局 国際線就航状況 直行便データ,2026-06-28
羽田,1,アジア,中国,広州,JL,日本航空,7.0,2023冬ダイヤ,国土交通省 航空局 国際線就航状況 直行便データ,2026-06-28
羽田,1,アジア,中国,広州,NH,全日本空輸,4.0,2023冬ダイヤ,国土交通省 航空局 国際線就航状況 直行便データ,2026-06-28
羽田,1,アジア,中国,上海,JL,日本航空,21.0,2023冬ダイヤ,国土交通省 航空局 国際線就航状況 直行便データ,2026-06-28
羽田,1,アジア,中国,上海,FM,上海航空,14.0,2023冬ダイヤ,国土交通省 航空局 国際線就航状況 直行便データ,2026-06-28
羽田,1,アジア,中国,上海,NH,全日本空輸,14.0,2023冬ダイヤ,国土交通省 航空局 国際線就航状況 直行便データ,2026-06-28
羽田,1,アジア,中国,上海,MU,中国東方航空,14.0,2023冬ダイヤ,国土交通省 航空局 国際線就航状況 直行便データ,2026-06-28
羽田,1,アジア,中国,上海,MM,ピーチアビエーション,7.0,2023冬ダイヤ,国土交通省 航空局 国際線就航状況 直行便データ,2026-06-28
羽田,1,アジア,中国,上海,9C,春秋航空,4.0,2023冬ダイヤ,国土交通省 航空局 国際線就航状況 直行便データ,2026-06-28
羽田,1,アジア,中国,上海,HO,上海吉祥航空,3.0,2023冬ダイヤ,国土交通省 航空局 国際線就航状況 直行便データ,2026-06-28
羽田,1,アジア,中国,深セン,NH,全日本空輸,7.0,2023冬ダイヤ,国土交通省 航空局 国際線就航状況 直行便データ,2026-06-28
羽田,1,アジア,中国,青島,NH,全日本空輸,7.0,2023冬ダイヤ,国土交通省 航空局 国際線就航状況 直行便データ,2026-06-28
羽田,1,アジア,中国,大連,JL,日本航空,7.0,2023冬ダイヤ,国土交通省 航空局 国際線就航状況 直行便データ,2026-06-28
羽田,1,アジア,中国,北京,CA,中国国際航空,14.0,2023冬ダイヤ,国土交通省 航空局 国際線就航状況 直行便データ,2026-06-28
羽田,1,アジア,中国,北京,JL,日本航空,14.0,2023冬ダイヤ,国土交通省 航空局 国際線就航状況 直行便データ,2026-06-28
羽田,1,アジア,中国,北京,NH,全日本空輸,7.0,2023冬ダイヤ,国土交通省 航空局 国際線就航状況 直行便データ,2026-06-28
羽田,1,アジア,中国,北京,CZ,中国南方航空,7.0,2023冬ダイヤ,国土交通省 航空局 国際線就航状況 直行便データ,2026-06-28
羽田,1,オセアニア,豪州,ケアンズ,VA,ウ゛ァージン・オーストラリア,7.0,2023冬ダイヤ,国土交通省 航空局 国際線就航状況 直行便データ,2026-06-28
羽田,1,オセアニア,豪州,シドニー,NH,全日本空輸,14.0,2023冬ダイヤ,国土交通省 航空局 国際線就航状況 直行便データ,2026-06-28
羽田,1,オセアニア,豪州,シドニー,QF,カンタス航空,7.0,2023冬ダイヤ,国土交通省 航空局 国際線就航状況 直行便データ,2026-06-28
羽田,1,オセアニア,豪州,シドニー,JL,日本航空,7.0,2023冬ダイヤ,国土交通省 航空局 国際線就航状況 直行便データ,2026-06-28
羽田,1,オセアニア,豪州,ブリスベン,QF,カンタス航空,3.0,2023冬ダイヤ,国土交通省 航空局 国際線就航状況 直行便データ,2026-06-28
羽田,1,オセアニア,豪州,メルボルン,QF,カンタス航空,4.0,2023冬ダイヤ,国土交通省 航空局 国際線就航状況 直行便データ,2026-06-28
羽田,1,北米,カナダ,トロント,AC,エア・カナダ,7.0,2023冬ダイヤ,国土交通省 航空局 国際線就航状況 直行便データ,2026-06-28
羽田,1,北米,カナダ,バンクーバー,NH,全日本空輸,7.0,2023冬ダイヤ,国土交通省 航空局 国際線就航状況 直行便データ,2026-06-28
羽田,1,北米,米国,アトランタ,DL,デルタ航空,7.0,2023冬ダイヤ,国土交通省 航空局 国際線就航状況 直行便データ,2026-06-28
羽田,1,北米,米国,コナ,HA,ハワイアン航空,3.0,2023冬ダイヤ,国土交通省 航空局 国際線就航状況 直行便データ,2026-06-28
羽田,1,北米,米国,サンフランシスコ,UA,ユナイテッド航空,7.0,2023冬ダイヤ,国土交通省 航空局 国際線就航状況 直行便データ,2026-06-28
羽田,1,北米,米国,サンフランシスコ,NH,全日本空輸,7.0,2023冬ダイヤ,国土交通省 航空局 国際線就航状況 直行便データ,2026-06-28
羽田,1,北米,米国,サンフランシスコ,JL,日本航空,7.0,2023冬ダイヤ,国土交通省 航空局 国際線就航状況 直行便データ,2026-06-28
羽田,1,北米,米国,シアトル,DL,デルタ航空,7.0,2023冬ダイヤ,国土交通省 航空局 国際線就航状況 直行便データ,2026-06-28
羽田,1,北米,米国,シアトル,NH,全日本空輸,7.0,2023冬ダイヤ,国土交通省 航空局 国際線就航状況 直行便データ,2026-06-28
羽田,1,北米,米国,シカゴ,UA,ユナイテッド航空,7.0,2023冬ダイヤ,国土交通省 航空局 国際線就航状況 直行便データ,2026-06-28
羽田,1,北米,米国,シカゴ,NH,全日本空輸,7.0,2023冬ダイヤ,国土交通省 航空局 国際線就航状況 直行便データ,2026-06-28
羽田,1,北米,米国,シカゴ,JL,日本航空,7.0,2023冬ダイヤ,国土交通省 航空局 国際線就航状況 直行便データ,2026-06-28
羽田,1,北米,米国,ダラス,AA,アメリカン航空,7.0,2023冬ダイヤ,国土交通省 航空局 国際線就航状況 直行便データ,2026-06-28
羽田,1,北米,米国,ダラス,JL,日本航空,7.0,2023冬ダイヤ,国土交通省 航空局 国際線就航状況 直行便データ,2026-06-28
羽田,1,北米,米国,デトロイト,DL,デルタ航空,7.0,2023冬ダイヤ,国土交通省 航空局 国際線就航状況 直行便データ,2026-06-28
羽田,1,北米,米国,ニューアーク,UA,ユナイテッド航空,7.0,2023冬ダイヤ,国土交通省 航空局 国際線就航状況 直行便データ,2026-06-28
羽田,1,北米,米国,ニューヨーク,NH,全日本空輸,14.0,2023冬ダイヤ,国土交通省 航空局 国際線就航状況 直行便データ,2026-06-28
羽田,1,北米,米国,ニューヨーク,JL,日本航空,14.0,2023冬ダイヤ,国土交通省 航空局 国際線就航状況 直行便データ,2026-06-28
羽田,1,北米,米国,ヒューストン,NH,全日本空輸,7.0,2023冬ダイヤ,国土交通省 航空局 国際線就航状況 直行便データ,2026-06-28
羽田,1,北米,米国,ホノルル,HA,ハワイアン航空,16.0,2023冬ダイヤ,国土交通省 航空局 国際線就航状況 直行便データ,2026-06-28
羽田,1,北米,米国,ホノルル,JL,日本航空,14.0,2023冬ダイヤ,国土交通省 航空局 国際線就航状況 直行便データ,2026-06-28
羽田,1,北米,米国,ホノルル,DL,デルタ航空,7.0,2023冬ダイヤ,国土交通省 航空局 国際線就航状況 直行便データ,2026-06-28
羽田,1,北米,米国,ホノルル,NH,全日本空輸,7.0,2023冬ダイヤ,国土交通省 航空局 国際線就航状況 直行便データ,2026-06-28
羽田,1,北米,米国,ミネアポリス,DL,デルタ航空,7.0,2023冬ダイヤ,国土交通省 航空局 国際線就航状況 直行便データ,2026-06-28
羽田,1,北米,米国,ロサンゼルス,AA,アメリカン航空,14.0,2023冬ダイヤ,国土交通省 航空局 国際線就航状況 直行便データ,2026-06-28
羽田,1,北米,米国,ロサンゼルス,NH,全日本空輸,14.0,2023冬ダイヤ,国土交通省 航空局 国際線就航状況 直行便データ,2026-06-28
羽田,1,北米,米国,ロサンゼルス,DL,デルタ航空,7.0,2023冬ダイヤ,国土交通省 航空局 国際線就航状況 直行便データ,2026-06-28
羽田,1,北米,米国,ロサンゼルス,UA,ユナイテッド航空,7.0,2023冬ダイヤ,国土交通省 航空局 国際線就航状況 直行便データ,2026-06-28
羽田,1,北米,米国,ロサンゼルス,JL,日本航空,7.0,2023冬ダイヤ,国土交通省 航空局 国際線就航状況 直行便データ,2026-06-28
羽田,1,北米,米国,ワシントンD.C.,NH,全日本空輸,7.0,2023冬ダイヤ,国土交通省 航空局 国際線就航状況 直行便データ,2026-06-28
羽田,1,北米,米国,ワシントンD.C.,UA,ユナイテッド航空,6.0,2023冬ダイヤ,国土交通省 航空局 国際線就航状況 直行便データ,2026-06-28
羽田,1,ヨーロッパ,英国,ロンドン,JL,日本航空,14.0,2023冬ダイヤ,国土交通省 航空局 国際線就航状況 直行便データ,2026-06-28
羽田,1,ヨーロッパ,英国,ロンドン,BA,ブリティッシュ・エアウェイズ,9.0,2023冬ダイヤ,国土交通省 航空局 国際線就航状況 直行便データ,2026-06-28
羽田,1,ヨーロッパ,英国,ロンドン,NH,全日本空輸,7.0,2023冬ダイヤ,国土交通省 航空局 国際線就航状況 直行便データ,2026-06-28
羽田,1,ヨーロッパ,イタリア,ローマ,AZ,ITAエアウェイズ,5.0,2023冬ダイヤ,国土交通省 航空局 国際線就航状況 直行便データ,2026-06-28
羽田,1,ヨーロッパ,デンマーク,コペンハーゲン,SK,スカンジナビア航空,3.0,2023冬ダイヤ,国土交通省 航空局 国際線就航状況 直行便データ,2026-06-28
羽田,1,ヨーロッパ,ドイツ,フランクフルト,NH,全日本空輸,14.0,2023冬ダイヤ,国土交通省 航空局 国際線就航状況 直行便データ,2026-06-28
羽田,1,ヨーロッパ,ドイツ,フランクフルト,LH,ルフトハンザドイツ航空,7.0,2023冬ダイヤ,国土交通省 航空局 国際線就航状況 直行便データ,2026-06-28
羽田,1,ヨーロッパ,ドイツ,ミュンヘン,LH,ルフトハンザドイツ航空,7.0,2023冬ダイヤ,国土交通省 航空局 国際線就航状況 直行便データ,2026-06-28
羽田,1,ヨーロッパ,ドイツ,ミュンヘン,NH,全日本空輸,3.0,2023冬ダイヤ,国土交通省 航空局 国際線就航状況 直行便データ,2026-06-28
羽田,1,ヨーロッパ,フィンランド,ヘルシンキ,AY,フィンエアー,7.0,2023冬ダイヤ,国土交通省 航空局 国際線就航状況 直行便データ,2026-06-28
羽田,1,ヨーロッパ,フィンランド,ヘルシンキ,JL,日本航空,2.5,2023冬ダイヤ,国土交通省 航空局 国際線就航状況 直行便データ,2026-06-28
羽田,1,ヨーロッパ,フランス,パリ,AF,エールフランス航空,12.0,2023冬ダイヤ,国土交通省 航空局 国際線就航状況 直行便データ,2026-06-28
羽田,1,ヨーロッパ,フランス,パリ,JL,日本航空,7.0,2023冬ダイヤ,国土交通省 航空局 国際線就航状況 直行便データ,2026-06-28
羽田,1,ヨーロッパ,フランス,パリ,NH,全日本空輸,3.0,2023冬ダイヤ,国土交通省 航空局 国際線就航状況 直行便データ,2026-06-28
羽田,1,中東,ＵＡＥ,ドバイ,EK,エミレーツ航空,7.0,2023冬ダイヤ,国土交通省 航空局 国際線就航状況 直行便データ,2026-06-28
羽田,1,中東,カタール,ドーハ,QR,カタール航空,7.5,2023冬ダイヤ,国土交通省 航空局 国際線就航状況 直行便データ,2026-06-28
羽田,1,中東,トルコ,イスタンブール,TK,ターキッシュエアラインズ,7.0,2023冬ダイヤ,国土交通省 航空局 国際線就航状況 直行便データ,2026-06-28
富山,0,アジア,中国,上海,FM,上海航空,2.0,2023冬ダイヤ,国土交通省 航空局 国際線就航状況 直行便データ,2026-06-28
小松,0,アジア,台湾,台北,BR,エバー航空,7.0,2023冬ダイヤ,国土交通省 航空局 国際線就航状況 直行便データ,2026-06-28
小松,0,アジア,台湾,台北,IT,タイガーエア台湾,2.0,2023冬ダイヤ,国土交通省 航空局 国際線就航状況 直行便データ,2026-06-28
静岡,0,アジア,韓国,ソウル,7C,済州航空,7.0,2023冬ダイヤ,国土交通省 航空局 国際線就航状況 直行便データ,2026-06-28
静岡,0,アジア,中国,上海,MU,中国東方航空,1.0,2023冬ダイヤ,国土交通省 航空局 国際線就航状況 直行便データ,2026-06-28
中部,1,アジア,シンガポール,シンガポール,SQ,シンガポール航空,5.0,2023冬ダイヤ,国土交通省 航空局 国際線就航状況 直行便データ,2026-06-28
中部,1,アジア,タイ,バンコク,TG,タイ国際航空,7.0,2023冬ダイヤ,国土交通省 航空局 国際線就航状況 直行便データ,2026-06-28
中部,1,アジア,フィリピン,マニラ,GK,ジェットスター・ジャパン,7.0,2023冬ダイヤ,国土交通省 航空局 国際線就航状況 直行便データ,2026-06-28
中部,1,アジア,フィリピン,マニラ,5J,セブパシフィック航空,7.0,2023冬ダイヤ,国土交通省 航空局 国際線就航状況 直行便データ,2026-06-28
中部,1,アジア,フィリピン,マニラ,PR,フィリピン航空,7.0,2023冬ダイヤ,国土交通省 航空局 国際線就航状況 直行便データ,2026-06-28
中部,1,アジア,ベトナム,ハノイ,VN,ベトナム航空,7.0,2023冬ダイヤ,国土交通省 航空局 国際線就航状況 直行便データ,2026-06-28
中部,1,アジア,ベトナム,ハノイ,VJ,ベトジェットエア,4.0,2023冬ダイヤ,国土交通省 航空局 国際線就航状況 直行便データ,2026-06-28
中部,1,アジア,ベトナム,ホーチミン,VN,ベトナム航空,5.0,2023冬ダイヤ,国土交通省 航空局 国際線就航状況 直行便データ,2026-06-28
中部,1,アジア,韓国,ソウル,KE,大韓航空,16.0,2023冬ダイヤ,国土交通省 航空局 国際線就航状況 直行便データ,2026-06-28
中部,1,アジア,韓国,ソウル,OZ,アシアナ航空,14.0,2023冬ダイヤ,国土交通省 航空局 国際線就航状況 直行便データ,2026-06-28
中部,1,アジア,韓国,ソウル,LJ,ジンエアー,14.0,2023冬ダイヤ,国土交通省 航空局 国際線就航状況 直行便データ,2026-06-28
中部,1,アジア,韓国,ソウル,7C,済州航空,7.0,2023冬ダイヤ,国土交通省 航空局 国際線就航状況 直行便データ,2026-06-28
中部,1,アジア,韓国,釜山,KE,大韓航空,7.0,2023冬ダイヤ,国土交通省 航空局 国際線就航状況 直行便データ,2026-06-28
中部,1,アジア,香港,香港,UO,香港エクスプレス,9.0,2023冬ダイヤ,国土交通省 航空局 国際線就航状況 直行便データ,2026-06-28
中部,1,アジア,香港,香港,CX,キャセイパシフィック航空,7.0,2023冬ダイヤ,国土交通省 航空局 国際線就航状況 直行便データ,2026-06-28
中部,1,アジア,香港,香港,HX,香港航空,7.0,2023冬ダイヤ,国土交通省 航空局 国際線就航状況 直行便データ,2026-06-28
中部,1,アジア,台湾,高雄,IT,タイガーエア台湾,3.0,2023冬ダイヤ,国土交通省 航空局 国際線就航状況 直行便データ,2026-06-28
中部,1,アジア,台湾,台北,CI,チャイナ・エアライン,7.0,2023冬ダイヤ,国土交通省 航空局 国際線就航状況 直行便データ,2026-06-28
中部,1,アジア,台湾,台北,MM,ピーチアビエーション,7.0,2023冬ダイヤ,国土交通省 航空局 国際線就航状況 直行便データ,2026-06-28
中部,1,アジア,台湾,台北,IT,タイガーエア台湾,5.0,2023冬ダイヤ,国土交通省 航空局 国際線就航状況 直行便データ,2026-06-28
中部,1,アジア,中国,上海,MU,中国東方航空,10.0,2023冬ダイヤ,国土交通省 航空局 国際線就航状況 直行便データ,2026-06-28
中部,1,アジア,中国,上海,HO,上海吉祥航空,7.0,2023冬ダイヤ,国土交通省 航空局 国際線就航状況 直行便データ,2026-06-28
中部,1,アジア,中国,上海,9C,春秋航空,3.0,2023冬ダイヤ,国土交通省 航空局 国際線就航状況 直行便データ,2026-06-28
中部,1,アジア,中国,大連,CZ,中国南方航空,3.0,2023冬ダイヤ,国土交通省 航空局 国際線就航状況 直行便データ,2026-06-28
中部,1,アジア,中国,天津,GS,天津航空,2.0,2023冬ダイヤ,国土交通省 航空局 国際線就航状況 直行便データ,2026-06-28
中部,1,アジア,中国,天津,JL,日本航空,2.0,2023冬ダイヤ,国土交通省 航空局 国際線就航状況 直行便データ,2026-06-28
中部,1,アジア,中国,北京,CA,中国国際航空,4.0,2023冬ダイヤ,国土交通省 航空局 国際線就航状況 直行便データ,2026-06-28
中部,1,北米,米国,グアム,UA,ユナイテッド航空,11.0,2023冬ダイヤ,国土交通省 航空局 国際線就航状況 直行便データ,2026-06-28
中部,1,北米,米国,ホノルル,JL,日本航空,4.0,2023冬ダイヤ,国土交通省 航空局 国際線就航状況 直行便データ,2026-06-28
関西,1,アジア,シンガポール,シンガポール,SQ,シンガポール航空,21.0,2023冬ダイヤ,国土交通省 航空局 国際線就航状況 直行便データ,2026-06-28
関西,1,アジア,シンガポール,シンガポール,TR,スクート,7.0,2023冬ダイヤ,国土交通省 航空局 国際線就航状況 直行便データ,2026-06-28
関西,1,アジア,タイ,チェンマイ,VZ,タイベトジェットエア,4.0,2023冬ダイヤ,国土交通省 航空局 国際線就航状況 直行便データ,2026-06-28
関西,1,アジア,タイ,バンコク,TG,タイ国際航空,14.5,2023冬ダイヤ,国土交通省 航空局 国際線就航状況 直行便データ,2026-06-28
関西,1,アジア,タイ,バンコク,XJ,タイエアアジアＸ,14.0,2023冬ダイヤ,国土交通省 航空局 国際線就航状況 直行便データ,2026-06-28
関西,1,アジア,タイ,バンコク,MM,ピーチアビエーション,7.0,2023冬ダイヤ,国土交通省 航空局 国際線就航状況 直行便データ,2026-06-28
関西,1,アジア,タイ,バンコク,JL,日本航空,7.0,2023冬ダイヤ,国土交通省 航空局 国際線就航状況 直行便データ,2026-06-28
関西,1,アジア,フィリピン,マニラ,PR,フィリピン航空,14.5,2023冬ダイヤ,国土交通省 航空局 国際線就航状況 直行便データ,2026-06-28
関西,1,アジア,フィリピン,マニラ,Z2,フィリピンエアアジア,7.0,2023冬ダイヤ,国土交通省 航空局 国際線就航状況 直行便データ,2026-06-28
関西,1,アジア,フィリピン,マニラ,5J,セブパシフィック航空,4.0,2023冬ダイヤ,国土交通省 航空局 国際線就航状況 直行便データ,2026-06-28
関西,1,アジア,ベトナム,ハノイ,VJ,ベトジェットエア,14.0,2023冬ダイヤ,国土交通省 航空局 国際線就航状況 直行便データ,2026-06-28
関西,1,アジア,ベトナム,ハノイ,VN,ベトナム航空,7.0,2023冬ダイヤ,国土交通省 航空局 国際線就航状況 直行便データ,2026-06-28
関西,1,アジア,ベトナム,ホーチミン,VJ,ベトジェットエア,7.0,2023冬ダイヤ,国土交通省 航空局 国際線就航状況 直行便データ,2026-06-28
関西,1,アジア,ベトナム,ホーチミン,VN,ベトナム航空,7.0,2023冬ダイヤ,国土交通省 航空局 国際線就航状況 直行便データ,2026-06-28
関西,1,アジア,マカオ,マカオ,NX,マカオ航空,5.0,2023冬ダイヤ,国土交通省 航空局 国際線就航状況 直行便データ,2026-06-28
関西,1,アジア,マレーシア,クアラルンプール,D7,エアアジアＸ,7.0,2023冬ダイヤ,国土交通省 航空局 国際線就航状況 直行便データ,2026-06-28
関西,1,アジア,マレーシア,クアラルンプール,MH,マレーシア航空,7.0,2023冬ダイヤ,国土交通省 航空局 国際線就航状況 直行便データ,2026-06-28
関西,1,アジア,韓国,ソウル,KE,大韓航空,42.0,2023冬ダイヤ,国土交通省 航空局 国際線就航状況 直行便データ,2026-06-28
関西,1,アジア,韓国,ソウル,OZ,アシアナ航空,35.0,2023冬ダイヤ,国土交通省 航空局 国際線就航状況 直行便データ,2026-06-28
関西,1,アジア,韓国,ソウル,7C,済州航空,35.0,2023冬ダイヤ,国土交通省 航空局 国際線就航状況 直行便データ,2026-06-28
関西,1,アジア,韓国,ソウル,LJ,ジンエアー,28.0,2023冬ダイヤ,国土交通省 航空局 国際線就航状況 直行便データ,2026-06-28
関西,1,アジア,韓国,ソウル,MM,ピーチアビエーション,28.0,2023冬ダイヤ,国土交通省 航空局 国際線就航状況 直行便データ,2026-06-28
関西,1,アジア,韓国,ソウル,RS,エアソウル,21.0,2023冬ダイヤ,国土交通省 航空局 国際線就航状況 直行便データ,2026-06-28
関西,1,アジア,韓国,ソウル,BX,エアプサン,21.0,2023冬ダイヤ,国土交通省 航空局 国際線就航状況 直行便データ,2026-06-28
関西,1,アジア,韓国,ソウル,TW,ティーウェイ航空,21.0,2023冬ダイヤ,国土交通省 航空局 国際線就航状況 直行便データ,2026-06-28
関西,1,アジア,韓国,ソウル,ZE,イースター航空,14.0,2023冬ダイヤ,国土交通省 航空局 国際線就航状況 直行便データ,2026-06-28
関西,1,アジア,韓国,釜山,BX,エアプサン,23.0,2023冬ダイヤ,国土交通省 航空局 国際線就航状況 直行便データ,2026-06-28
関西,1,アジア,韓国,釜山,7C,済州航空,14.0,2023冬ダイヤ,国土交通省 航空局 国際線就航状況 直行便データ,2026-06-28
関西,1,アジア,韓国,釜山,LJ,ジンエアー,7.0,2023冬ダイヤ,国土交通省 航空局 国際線就航状況 直行便データ,2026-06-28
関西,1,アジア,韓国,釜山,TW,ティーウェイ航空,7.0,2023冬ダイヤ,国土交通省 航空局 国際線就航状況 直行便データ,2026-06-28
関西,1,アジア,韓国,済州,TW,ティーウェイ航空,7.0,2023冬ダイヤ,国土交通省 航空局 国際線就航状況 直行便データ,2026-06-28
関西,1,アジア,韓国,清州,RF,エアロ　Ｋ,14.0,2023冬ダイヤ,国土交通省 航空局 国際線就航状況 直行便データ,2026-06-28
関西,1,アジア,韓国,清州,TW,ティーウェイ航空,7.0,2023冬ダイヤ,国土交通省 航空局 国際線就航状況 直行便データ,2026-06-28
関西,1,アジア,韓国,大邱,TW,ティーウェイ航空,14.0,2023冬ダイヤ,国土交通省 航空局 国際線就航状況 直行便データ,2026-06-28
関西,1,アジア,香港,香港,UO,香港エクスプレス,33.0,2023冬ダイヤ,国土交通省 航空局 国際線就航状況 直行便データ,2026-06-28
関西,1,アジア,香港,香港,CX,キャセイパシフィック航空,28.0,2023冬ダイヤ,国土交通省 航空局 国際線就航状況 直行便データ,2026-06-28
関西,1,アジア,香港,香港,MM,ピーチアビエーション,21.0,2023冬ダイヤ,国土交通省 航空局 国際線就航状況 直行便データ,2026-06-28
関西,1,アジア,香港,香港,HX,香港航空,18.0,2023冬ダイヤ,国土交通省 航空局 国際線就航状況 直行便データ,2026-06-28
関西,1,アジア,香港,香港,HB,グレーターベイ航空,7.0,2023冬ダイヤ,国土交通省 航空局 国際線就航状況 直行便データ,2026-06-28
関西,1,アジア,台湾,高雄,BR,エバー航空,7.0,2023冬ダイヤ,国土交通省 航空局 国際線就航状況 直行便データ,2026-06-28
関西,1,アジア,台湾,高雄,CI,チャイナ・エアライン,7.0,2023冬ダイヤ,国土交通省 航空局 国際線就航状況 直行便データ,2026-06-28
関西,1,アジア,台湾,高雄,MM,ピーチアビエーション,7.0,2023冬ダイヤ,国土交通省 航空局 国際線就航状況 直行便データ,2026-06-28
関西,1,アジア,台湾,高雄,IT,タイガーエア台湾,2.0,2023冬ダイヤ,国土交通省 航空局 国際線就航状況 直行便データ,2026-06-28
関西,1,アジア,台湾,台北,MM,ピーチアビエーション,21.5,2023冬ダイヤ,国土交通省 航空局 国際線就航状況 直行便データ,2026-06-28
関西,1,アジア,台湾,台北,BR,エバー航空,21.0,2023冬ダイヤ,国土交通省 航空局 国際線就航状況 直行便データ,2026-06-28
関西,1,アジア,台湾,台北,CI,チャイナ・エアライン,21.0,2023冬ダイヤ,国土交通省 航空局 国際線就航状況 直行便データ,2026-06-28
関西,1,アジア,台湾,台北,JX,スターラックス航空,14.0,2023冬ダイヤ,国土交通省 航空局 国際線就航状況 直行便データ,2026-06-28
関西,1,アジア,台湾,台北,IT,タイガーエア台湾,12.0,2023冬ダイヤ,国土交通省 航空局 国際線就航状況 直行便データ,2026-06-28
関西,1,アジア,台湾,台北,JL,日本航空,4.0,2023冬ダイヤ,国土交通省 航空局 国際線就航状況 直行便データ,2026-06-28
関西,1,アジア,中国,ハルビン,CZ,中国南方航空,2.0,2023冬ダイヤ,国土交通省 航空局 国際線就航状況 直行便データ,2026-06-28
関西,1,アジア,中国,広州,CZ,中国南方航空,3.0,2023冬ダイヤ,国土交通省 航空局 国際線就航状況 直行便データ,2026-06-28
関西,1,アジア,中国,杭州,CA,中国国際航空,7.0,2023冬ダイヤ,国土交通省 航空局 国際線就航状況 直行便データ,2026-06-28
関西,1,アジア,中国,杭州,GJ,長竜航空,4.0,2023冬ダイヤ,国土交通省 航空局 国際線就航状況 直行便データ,2026-06-28
関西,1,アジア,中国,杭州,MF,厦門航空,3.0,2023冬ダイヤ,国土交通省 航空局 国際線就航状況 直行便データ,2026-06-28
関西,1,アジア,中国,済南,SC,山東航空,7.0,2023冬ダイヤ,国土交通省 航空局 国際線就航状況 直行便データ,2026-06-28
関西,1,アジア,中国,重慶,MF,厦門航空,2.0,2023冬ダイヤ,国土交通省 航空局 国際線就航状況 直行便データ,2026-06-28
関西,1,アジア,中国,上海,HO,上海吉祥航空,21.0,2023冬ダイヤ,国土交通省 航空局 国際線就航状況 直行便データ,2026-06-28
関西,1,アジア,中国,上海,MU,中国東方航空,21.0,2023冬ダイヤ,国土交通省 航空局 国際線就航状況 直行便データ,2026-06-28
関西,1,アジア,中国,上海,9C,春秋航空,14.0,2023冬ダイヤ,国土交通省 航空局 国際線就航状況 直行便データ,2026-06-28
関西,1,アジア,中国,上海,NH,全日本空輸,8.0,2023冬ダイヤ,国土交通省 航空局 国際線就航状況 直行便データ,2026-06-28
関西,1,アジア,中国,上海,MM,ピーチアビエーション,7.0,2023冬ダイヤ,国土交通省 航空局 国際線就航状況 直行便データ,2026-06-28
関西,1,アジア,中国,上海,CA,中国国際航空,7.0,2023冬ダイヤ,国土交通省 航空局 国際線就航状況 直行便データ,2026-06-28
関西,1,アジア,中国,上海,CZ,中国南方航空,7.0,2023冬ダイヤ,国土交通省 航空局 国際線就航状況 直行便データ,2026-06-28
関西,1,アジア,中国,上海,JL,日本航空,3.0,2023冬ダイヤ,国土交通省 航空局 国際線就航状況 直行便データ,2026-06-28
関西,1,アジア,中国,深セン,ZH,深圳航空,6.0,2023冬ダイヤ,国土交通省 航空局 国際線就航状況 直行便データ,2026-06-28
関西,1,アジア,中国,成都,3U,四川航空,4.0,2023冬ダイヤ,国土交通省 航空局 国際線就航状況 直行便データ,2026-06-28
関西,1,アジア,中国,青島,SC,山東航空,7.0,2023冬ダイヤ,国土交通省 航空局 国際線就航状況 直行便データ,2026-06-28
関西,1,アジア,中国,大連,9C,春秋航空,4.0,2023冬ダイヤ,国土交通省 航空局 国際線就航状況 直行便データ,2026-06-28
関西,1,アジア,中国,大連,CZ,中国南方航空,3.0,2023冬ダイヤ,国土交通省 航空局 国際線就航状況 直行便データ,2026-06-28
関西,1,アジア,中国,天津,GS,天津航空,4.0,2023冬ダイヤ,国土交通省 航空局 国際線就航状況 直行便データ,2026-06-28
関西,1,アジア,中国,南京,HO,上海吉祥航空,7.0,2023冬ダイヤ,国土交通省 航空局 国際線就航状況 直行便データ,2026-06-28
関西,1,アジア,中国,寧波,9C,春秋航空,2.0,2023冬ダイヤ,国土交通省 航空局 国際線就航状況 直行便データ,2026-06-28
関西,1,アジア,中国,福州,MF,厦門航空,2.0,2023冬ダイヤ,国土交通省 航空局 国際線就航状況 直行便データ,2026-06-28
関西,1,アジア,中国,北京,CA,中国国際航空,7.0,2023冬ダイヤ,国土交通省 航空局 国際線就航状況 直行便データ,2026-06-28
関西,1,アジア,中国,北京,MU,中国東方航空,7.0,2023冬ダイヤ,国土交通省 航空局 国際線就航状況 直行便データ,2026-06-28
関西,1,アジア,中国,北京,CZ,中国南方航空,4.0,2023冬ダイヤ,国土交通省 航空局 国際線就航状況 直行便データ,2026-06-28
関西,1,アジア,中国,北京,HU,海南航空,3.0,2023冬ダイヤ,国土交通省 航空局 国際線就航状況 直行便データ,2026-06-28
関西,1,アジア,中国,北京,NH,全日本空輸,3.0,2023冬ダイヤ,国土交通省 航空局 国際線就航状況 直行便データ,2026-06-28
関西,1,アジア,中国,無錫,ZH,深圳航空,6.0,2023冬ダイヤ,国土交通省 航空局 国際線就航状況 直行便データ,2026-06-28
関西,1,アジア,中国,厦門,MF,厦門航空,5.0,2023冬ダイヤ,国土交通省 航空局 国際線就航状況 直行便データ,2026-06-28
関西,1,アジア,中国,瀋陽,CZ,中国南方航空,3.0,2023冬ダイヤ,国土交通省 航空局 国際線就航状況 直行便データ,2026-06-28
関西,1,アジア,中国,瀋陽,9C,春秋航空,1.0,2023冬ダイヤ,国土交通省 航空局 国際線就航状況 直行便データ,2026-06-28
関西,1,オセアニア,豪州,ケアンズ,JQ,ジェットスター,5.0,2023冬ダイヤ,国土交通省 航空局 国際線就航状況 直行便データ,2026-06-28
関西,1,北米,米国,グアム,UA,ユナイテッド航空,10.0,2023冬ダイヤ,国土交通省 航空局 国際線就航状況 直行便データ,2026-06-28
関西,1,北米,米国,サンフランシスコ,UA,ユナイテッド航空,7.0,2023冬ダイヤ,国土交通省 航空局 国際線就航状況 直行便データ,2026-06-28
関西,1,北米,米国,ホノルル,HA,ハワイアン航空,7.0,2023冬ダイヤ,国土交通省 航空局 国際線就航状況 直行便データ,2026-06-28
関西,1,北米,米国,ホノルル,JL,日本航空,5.0,2023冬ダイヤ,国土交通省 航空局 国際線就航状況 直行便データ,2026-06-28
関西,1,北米,米国,ロサンゼルス,JL,日本航空,4.0,2023冬ダイヤ,国土交通省 航空局 国際線就航状況 直行便データ,2026-06-28
関西,1,ヨーロッパ,オランダ,アムステルダム,KL,ＫＬＭオランダ航空,3.0,2023冬ダイヤ,国土交通省 航空局 国際線就航状況 直行便データ,2026-06-28
関西,1,ヨーロッパ,ドイツ,ミュンヘン,LH,ルフトハンザドイツ航空,3.0,2023冬ダイヤ,国土交通省 航空局 国際線就航状況 直行便データ,2026-06-28
関西,1,ヨーロッパ,フィンランド,ヘルシンキ,AY,フィンエアー,3.0,2023冬ダイヤ,国土交通省 航空局 国際線就航状況 直行便データ,2026-06-28
関西,1,ヨーロッパ,フランス,パリ,AF,エールフランス航空,3.0,2023冬ダイヤ,国土交通省 航空局 国際線就航状況 直行便データ,2026-06-28
関西,1,中東,ＵＡＥ,アブダビ,EY,エティハド航空,5.0,2023冬ダイヤ,国土交通省 航空局 国際線就航状況 直行便データ,2026-06-28
関西,1,中東,ＵＡＥ,ドバイ,EK,エミレーツ航空,7.0,2023冬ダイヤ,国土交通省 航空局 国際線就航状況 直行便データ,2026-06-28
美保,0,アジア,韓国,ソウル,RS,エアソウル,3.0,2023冬ダイヤ,国土交通省 航空局 国際線就航状況 直行便データ,2026-06-28
岡山,0,アジア,韓国,ソウル,KE,大韓航空,3.0,2023冬ダイヤ,国土交通省 航空局 国際線就航状況 直行便データ,2026-06-28
岡山,0,アジア,台湾,台北,IT,タイガーエア台湾,7.0,2023冬ダイヤ,国土交通省 航空局 国際線就航状況 直行便データ,2026-06-28
岡山,0,アジア,中国,上海,MU,中国東方航空,1.0,2023冬ダイヤ,国土交通省 航空局 国際線就航状況 直行便データ,2026-06-28
広島,0,アジア,韓国,ソウル,7C,済州航空,7.0,2023冬ダイヤ,国土交通省 航空局 国際線就航状況 直行便データ,2026-06-28
広島,0,アジア,台湾,台北,CI,チャイナ・エアライン,4.0,2023冬ダイヤ,国土交通省 航空局 国際線就航状況 直行便データ,2026-06-28
広島,0,アジア,中国,上海,MU,中国東方航空,2.0,2023冬ダイヤ,国土交通省 航空局 国際線就航状況 直行便データ,2026-06-28
高松,0,アジア,韓国,ソウル,RS,エアソウル,7.0,2023冬ダイヤ,国土交通省 航空局 国際線就航状況 直行便データ,2026-06-28
高松,0,アジア,香港,香港,UO,香港エクスプレス,3.0,2023冬ダイヤ,国土交通省 航空局 国際線就航状況 直行便データ,2026-06-28
高松,0,アジア,台湾,台北,CI,チャイナ・エアライン,4.0,2023冬ダイヤ,国土交通省 航空局 国際線就航状況 直行便データ,2026-06-28
松山,0,アジア,韓国,ソウル,7C,済州航空,7.0,2023冬ダイヤ,国土交通省 航空局 国際線就航状況 直行便データ,2026-06-28
松山,0,アジア,台湾,台北,BR,エバー航空,1.0,2023冬ダイヤ,国土交通省 航空局 国際線就航状況 直行便データ,2026-06-28
北九州,0,アジア,韓国,ソウル,LJ,ジンエアー,7.0,2023冬ダイヤ,国土交通省 航空局 国際線就航状況 直行便データ,2026-06-28
福岡,1,アジア,シンガポール,シンガポール,SQ,シンガポール航空,5.0,2023冬ダイヤ,国土交通省 航空局 国際線就航状況 直行便データ,2026-06-28
福岡,1,アジア,タイ,バンコク,FD,タイ・エアアジア,7.0,2023冬ダイヤ,国土交通省 航空局 国際線就航状況 直行便データ,2026-06-28
福岡,1,アジア,タイ,バンコク,VZ,タイベトジェットエア,7.0,2023冬ダイヤ,国土交通省 航空局 国際線就航状況 直行便データ,2026-06-28
福岡,1,アジア,タイ,バンコク,TG,タイ国際航空,7.0,2023冬ダイヤ,国土交通省 航空局 国際線就航状況 直行便データ,2026-06-28
福岡,1,アジア,フィリピン,マニラ,5J,セブパシフィック航空,7.0,2023冬ダイヤ,国土交通省 航空局 国際線就航状況 直行便データ,2026-06-28
福岡,1,アジア,フィリピン,マニラ,PR,フィリピン航空,7.0,2023冬ダイヤ,国土交通省 航空局 国際線就航状況 直行便データ,2026-06-28
福岡,1,アジア,ベトナム,ハノイ,VN,ベトナム航空,5.0,2023冬ダイヤ,国土交通省 航空局 国際線就航状況 直行便データ,2026-06-28
福岡,1,アジア,ベトナム,ハノイ,VJ,ベトジェットエア,3.0,2023冬ダイヤ,国土交通省 航空局 国際線就航状況 直行便データ,2026-06-28
福岡,1,アジア,ベトナム,ホーチミン,VN,ベトナム航空,2.0,2023冬ダイヤ,国土交通省 航空局 国際線就航状況 直行便データ,2026-06-28
福岡,1,アジア,韓国,ソウル,7C,済州航空,28.0,2023冬ダイヤ,国土交通省 航空局 国際線就航状況 直行便データ,2026-06-28
福岡,1,アジア,韓国,ソウル,KE,大韓航空,28.0,2023冬ダイヤ,国土交通省 航空局 国際線就航状況 直行便データ,2026-06-28
福岡,1,アジア,韓国,ソウル,LJ,ジンエアー,22.0,2023冬ダイヤ,国土交通省 航空局 国際線就航状況 直行便データ,2026-06-28
福岡,1,アジア,韓国,ソウル,OZ,アシアナ航空,21.0,2023冬ダイヤ,国土交通省 航空局 国際線就航状況 直行便データ,2026-06-28
福岡,1,アジア,韓国,ソウル,TW,ティーウェイ航空,21.0,2023冬ダイヤ,国土交通省 航空局 国際線就航状況 直行便データ,2026-06-28
福岡,1,アジア,韓国,ソウル,ZE,イースター航空,14.0,2023冬ダイヤ,国土交通省 航空局 国際線就航状況 直行便データ,2026-06-28
福岡,1,アジア,韓国,ソウル,RS,エアソウル,14.0,2023冬ダイヤ,国土交通省 航空局 国際線就航状況 直行便データ,2026-06-28
福岡,1,アジア,韓国,ソウル,BX,エアプサン,14.0,2023冬ダイヤ,国土交通省 航空局 国際線就航状況 直行便データ,2026-06-28
福岡,1,アジア,韓国,釜山,BX,エアプサン,28.0,2023冬ダイヤ,国土交通省 航空局 国際線就航状況 直行便データ,2026-06-28
福岡,1,アジア,韓国,釜山,7C,済州航空,14.0,2023冬ダイヤ,国土交通省 航空局 国際線就航状況 直行便データ,2026-06-28
福岡,1,アジア,韓国,釜山,KE,大韓航空,14.0,2023冬ダイヤ,国土交通省 航空局 国際線就航状況 直行便データ,2026-06-28
福岡,1,アジア,韓国,大邱,TW,ティーウェイ航空,7.0,2023冬ダイヤ,国土交通省 航空局 国際線就航状況 直行便データ,2026-06-28
福岡,1,アジア,香港,香港,UO,香港エクスプレス,19.0,2023冬ダイヤ,国土交通省 航空局 国際線就航状況 直行便データ,2026-06-28
福岡,1,アジア,香港,香港,CX,キャセイパシフィック航空,10.0,2023冬ダイヤ,国土交通省 航空局 国際線就航状況 直行便データ,2026-06-28
福岡,1,アジア,香港,香港,HX,香港航空,7.0,2023冬ダイヤ,国土交通省 航空局 国際線就航状況 直行便データ,2026-06-28
福岡,1,アジア,台湾,高雄,BR,エバー航空,4.0,2023冬ダイヤ,国土交通省 航空局 国際線就航状況 直行便データ,2026-06-28
福岡,1,アジア,台湾,高雄,IT,タイガーエア台湾,2.0,2023冬ダイヤ,国土交通省 航空局 国際線就航状況 直行便データ,2026-06-28
福岡,1,アジア,台湾,台北,BR,エバー航空,14.0,2023冬ダイヤ,国土交通省 航空局 国際線就航状況 直行便データ,2026-06-28
福岡,1,アジア,台湾,台北,CI,チャイナ・エアライン,14.0,2023冬ダイヤ,国土交通省 航空局 国際線就航状況 直行便データ,2026-06-28
福岡,1,アジア,台湾,台北,JX,スターラックス航空,7.0,2023冬ダイヤ,国土交通省 航空局 国際線就航状況 直行便データ,2026-06-28
福岡,1,アジア,台湾,台北,IT,タイガーエア台湾,7.0,2023冬ダイヤ,国土交通省 航空局 国際線就航状況 直行便データ,2026-06-28
福岡,1,アジア,中国,上海,MU,中国東方航空,14.0,2023冬ダイヤ,国土交通省 航空局 国際線就航状況 直行便データ,2026-06-28
福岡,1,アジア,中国,上海,CA,中国国際航空,5.0,2023冬ダイヤ,国土交通省 航空局 国際線就航状況 直行便データ,2026-06-28
福岡,1,北米,米国,グアム,UA,ユナイテッド航空,7.0,2023冬ダイヤ,国土交通省 航空局 国際線就航状況 直行便データ,2026-06-28
福岡,1,北米,米国,ホノルル,HA,ハワイアン航空,3.0,2023冬ダイヤ,国土交通省 航空局 国際線就航状況 直行便データ,2026-06-28
佐賀,0,アジア,韓国,ソウル,TW,ティーウェイ航空,4.0,2023冬ダイヤ,国土交通省 航空局 国際線就航状況 直行便データ,2026-06-28
佐賀,0,アジア,台湾,台北,IT,タイガーエア台湾,2.0,2023冬ダイヤ,国土交通省 航空局 国際線就航状況 直行便データ,2026-06-28
佐賀,0,アジア,中国,上海,9C,春秋航空,2.0,2023冬ダイヤ,国土交通省 航空局 国際線就航状況 直行便データ,2026-06-28
長崎,0,アジア,中国,上海,MU,中国東方航空,1.0,2023冬ダイヤ,国土交通省 航空局 国際線就航状況 直行便データ,2026-06-28
大分,0,アジア,韓国,ソウル,7C,済州航空,3.0,2023冬ダイヤ,国土交通省 航空局 国際線就航状況 直行便データ,2026-06-28
熊本,0,アジア,韓国,ソウル,TW,ティーウェイ航空,7.0,2023冬ダイヤ,国土交通省 航空局 国際線就航状況 直行便データ,2026-06-28
熊本,0,アジア,香港,香港,UO,香港エクスプレス,2.0,2023冬ダイヤ,国土交通省 航空局 国際線就航状況 直行便データ,2026-06-28
熊本,0,アジア,台湾,台北,JX,スターラックス航空,7.0,2023冬ダイヤ,国土交通省 航空局 国際線就航状況 直行便データ,2026-06-28
熊本,0,アジア,台湾,台北,CI,チャイナ・エアライン,2.0,2023冬ダイヤ,国土交通省 航空局 国際線就航状況 直行便データ,2026-06-28
宮崎,0,アジア,韓国,ソウル,OZ,アシアナ航空,3.0,2023冬ダイヤ,国土交通省 航空局 国際線就航状況 直行便データ,2026-06-28
鹿児島,0,アジア,韓国,ソウル,KE,大韓航空,3.0,2023冬ダイヤ,国土交通省 航空局 国際線就航状況 直行便データ,2026-06-28
鹿児島,0,アジア,香港,香港,UO,香港エクスプレス,3.0,2023冬ダイヤ,国土交通省 航空局 国際線就航状況 直行便データ,2026-06-28
那覇,0,アジア,韓国,ソウル,OZ,アシアナ航空,7.0,2023冬ダイヤ,国土交通省 航空局 国際線就航状況 直行便データ,2026-06-28
那覇,0,アジア,韓国,ソウル,LJ,ジンエアー,7.0,2023冬ダイヤ,国土交通省 航空局 国際線就航状況 直行便データ,2026-06-28
那覇,0,アジア,韓国,ソウル,7C,済州航空,7.0,2023冬ダイヤ,国土交通省 航空局 国際線就航状況 直行便データ,2026-06-28
那覇,0,アジア,韓国,ソウル,TW,ティーウェイ航空,7.0,2023冬ダイヤ,国土交通省 航空局 国際線就航状況 直行便データ,2026-06-28
那覇,0,アジア,韓国,ソウル,KE,大韓航空,7.0,2023冬ダイヤ,国土交通省 航空局 国際線就航状況 直行便データ,2026-06-28
那覇,0,アジア,韓国,釜山,LJ,ジンエアー,3.0,2023冬ダイヤ,国土交通省 航空局 国際線就航状況 直行便データ,2026-06-28
那覇,0,アジア,香港,香港,HX,香港航空,13.0,2023冬ダイヤ,国土交通省 航空局 国際線就航状況 直行便データ,2026-06-28
那覇,0,アジア,香港,香港,UO,香港エクスプレス,7.0,2023冬ダイヤ,国土交通省 航空局 国際線就航状況 直行便データ,2026-06-28
那覇,0,アジア,台湾,台北,MM,ピーチアビエーション,21.0,2023冬ダイヤ,国土交通省 航空局 国際線就航状況 直行便データ,2026-06-28
那覇,0,アジア,台湾,台北,BR,エバー航空,14.0,2023冬ダイヤ,国土交通省 航空局 国際線就航状況 直行便データ,2026-06-28
那覇,0,アジア,台湾,台北,JX,スターラックス航空,7.0,2023冬ダイヤ,国土交通省 航空局 国際線就航状況 直行便データ,2026-06-28
那覇,0,アジア,台湾,台北,IT,タイガーエア台湾,7.0,2023冬ダイヤ,国土交通省 航空局 国際線就航状況 直行便データ,2026-06-28
那覇,0,アジア,台湾,台北,CI,チャイナ・エアライン,7.0,2023冬ダイヤ,国土交通省 航空局 国際線就航状況 直行便データ,2026-06-28
那覇,0,アジア,中国,上海,MU,中国東方航空,5.0,2023冬ダイヤ,国土交通省 航空局 国際線就航状況 直行便データ,2026-06-28
